src/signal-and-noise/analysis/RULES.md:33:| 17 | **Nothing is generated outside the regeneration, and nothing orphaned stays unflagged.** Every figure, table, README auto block and paper block is written by a script that `run_all_predictivity.sh` or `scripts/refresh_analysis.sh` runs, so none can diverge from the code or from the report; a generated block names its generator in its marker (`<!-- BEGIN auto:KEY (script)`, `% BEGIN generated: KEY (script)`, `% Generated by script`). An orphan — an artifact no generator writes any more (the old twin of a renamed file, the output of a script dropped from the driver) — is flagged, never left to look current: the refresh lists every artifact a `FORCE=1` run did not write, and a rename lists the files it leaves behind with the command that removes them (deleting is the user's call). The slides are outside this rule. | `check_rules.py` (generators), `scripts/refresh_analysis.sh` (the `ORPHAN` lines) |	
src/signal-and-noise/analysis/RULES.md:187:7. **Auto blocks stay generated.** Text between `<!-- BEGIN auto:` and `<!-- END auto:` is written by the script named in the marker; hand-written text goes around it, and a number in prose is read from the CSV, never from memory.	
src/signal-and-noise/analysis/rq03_noise_and_snr/README.md:75	effect-vs-noise (effect_vs_noise.py --pool predictivity_all)
src/signal-and-noise/analysis/rq03_noise_and_snr/README.md:151	panels (panels.py --pool predictivity)
src/signal-and-noise/analysis/rq03_noise_and_snr/README.md:175	seed-holdout (compare_seed_splits.py --train-pool predictivity_seeds_train --test-pool predictivity_seeds_test)
src/signal-and-noise/analysis/rq01_scaling_predictability/README.md:13	highlight (analyze.py --pool predictivity_all)
src/signal-and-noise/analysis/rq01_scaling_predictability/README.md:80	regimes (regimes.py --pool predictivity_all)
src/signal-and-noise/analysis/rq01_scaling_predictability/README.md:189	scaling-law-error (scaling_law_error.py --pool predictivity_all)
src/signal-and-noise/analysis/rq01_scaling_predictability/README.md:240	results (analyze.py --pool predictivity_all)
src/signal-and-noise/analysis/rq01_scaling_predictability/README.md:282	panels (panels.py --pool predictivity_all)
src/signal-and-noise/analysis/rq01_scaling_predictability/README.md:402	tokens-seen (tokens_seen.py --pool predictivity_all)
src/signal-and-noise/analysis/rq04_surrogates/README.md:16	highlight (snr_definition_postprocess.py --pool predictivity)
src/signal-and-noise/analysis/rq04_surrogates/README.md:63	results (snr_definition_postprocess.py --pool predictivity)
src/signal-and-noise/analysis/rq04_surrogates/README.md:181	surrogates (analyze.py --pool predictivity)
src/signal-and-noise/analysis/rq04_surrogates/README.md:235	finetasks-criteria (finetasks_criteria.py --pool predictivity)
src/signal-and-noise/analysis/rq04_surrogates/README.md:329	panels (panels.py --pool predictivity)
src/signal-and-noise/analysis/rq04_surrogates/README.md:435	catalogue (search.py --pool predictivity)
src/signal-and-noise/analysis/rq09_benchmark_design/README.md:9	highlight (analyze.py --pool predictivity)
src/signal-and-noise/analysis/rq09_benchmark_design/README.md:83	results (analyze.py --pool predictivity)
src/signal-and-noise/analysis/rq09_benchmark_design/README.md:132	panels (panels.py --pool predictivity)
src/signal-and-noise/analysis/rq00_gate_and_curves/README.md:13	highlight (run_apertus.py --pool predictivity)
src/signal-and-noise/analysis/rq00_gate_and_curves/README.md:58	above-random-example (above_random_example.py --pool predictivity --task include_v2_og_hungarian_hungary)
src/signal-and-noise/analysis/rq00_gate_and_curves/README.md:94	panels (panels.py --pool predictivity)
src/signal-and-noise/analysis/rq00_gate_and_curves/README.md:184	results (run_apertus.py --pool predictivity)
src/signal-and-noise/analysis/rq00_gate_and_curves/README.md:324	above-random-external (above_random_external.py --pool predictivity)
src/signal-and-noise/analysis/rq00_gate_and_curves/README.md:394	curves (curves.py --pool predictivity_all)
src/signal-and-noise/analysis/rq08_subset_selection/README.md:10	highlight (smooth_subtasks.py --pool predictivity)
src/signal-and-noise/analysis/rq08_subset_selection/README.md:69	results (smooth_subtasks.py --pool predictivity)
src/signal-and-noise/analysis/rq08_subset_selection/README.md:100	panels (panels.py --pool predictivity)
src/signal-and-noise/analysis/rq05_design_decisions/README.md:13	highlight (analyze.py --pool predictivity_all)
src/signal-and-noise/analysis/rq05_design_decisions/README.md:65	results (analyze.py --pool predictivity_all)
src/signal-and-noise/analysis/rq05_design_decisions/README.md:191	early-decision (early_decision.py --pool predictivity_all)
src/signal-and-noise/analysis/rq05_design_decisions/README.md:266	panels (panels.py --pool predictivity_all)
src/signal-and-noise/analysis/rq05_design_decisions/README.md:344	transformations (transformations.py --pool predictivity_all)
src/signal-and-noise/analysis/rq00_task_reformulation/README.md:641	rf-compare (analysis/rq00_task_reformulation/compare.py)
src/signal-and-noise/analysis/rq00_task_reformulation/README.md:659	rf-compare-probe (analysis/rq00_task_reformulation/compare.py --tag probe)
src/signal-and-noise/analysis/rq00_task_reformulation/README.md:679	probe-survivors (analysis/rq00_task_reformulation/probe_survivors.py)
src/signal-and-noise/analysis/rq00_task_reformulation/README.md:771	reformulations-gate (reformulations_gate.py --pool predictivity)
src/signal-and-noise/analysis/rq02_decision_accuracy/README.md:12	highlight (da_per_benchmark.py --pool predictivity)
src/signal-and-noise/analysis/rq02_decision_accuracy/README.md:256	da-explainer (da_explainer.py --pool predictivity)
src/signal-and-noise/analysis/rq02_decision_accuracy/README.md:288	scale-convergence (scale_convergence.py)
src/signal-and-noise/analysis/rq02_decision_accuracy/README.md:329	scale-convergence-transformation-panels (scale_convergence.py --by transformation)
src/signal-and-noise/analysis/rq02_decision_accuracy/README.md:519	reliable-tasks (reliable_tasks.py --pool predictivity)
src/signal-and-noise/analysis/rq02_decision_accuracy/README.md:617	results (da_per_benchmark.py --pool predictivity)
src/signal-and-noise/analysis/rq02_decision_accuracy/README.md:646	early-small (early_small.py --pool predictivity)
src/signal-and-noise/analysis/rq02_decision_accuracy/README.md:698	by-L (by_L.py --pool predictivity)
src/signal-and-noise/analysis/rq02_decision_accuracy/README.md:731	early-small-by-transformation (by_L.py --pool predictivity --by transformation)
src/signal-and-noise/analysis/rq02_decision_accuracy/README.md:849	scale-convergence-L8 (scale_convergence.py --by L --langs L8)
src/signal-and-noise/analysis/rq02_decision_accuracy/README.md:867	scale-convergence-L8-common (scale_convergence.py --by L --langs L8 --common-tasks)
src/signal-and-noise/analysis/rq02_decision_accuracy/README.md:934	scale-convergence-by-language (by_language.py --pool predictivity)
src/signal-and-noise/analysis/rq02_decision_accuracy/README.md:990	language-tier (language_tier.py --pool predictivity)
src/signal-and-noise/analysis/rq02_decision_accuracy/README.md:1043	seed-uncertainty (seed_uncertainty.py --pool predictivity)
src/signal-and-noise/analysis/rq02_decision_accuracy/README.md:1097	agreement-measures (agreement.py --pool predictivity)
src/signal-and-noise/analysis/rq02_decision_accuracy/README.md:1191	cross-task (cross_task.py --pool predictivity)
src/signal-and-noise/analysis/rq02_decision_accuracy/README.md:1267	scaling-vs-ranking (scaling_vs_ranking.py --pool predictivity)
src/signal-and-noise/analysis/rq02_decision_accuracy/README.md:1300	public-ladders (public_ladders.py --pool predictivity)
src/signal-and-noise/analysis/rq06_language_transfer/README.md:12	highlight (analyze.py --pool predictivity_all)
src/signal-and-noise/analysis/rq06_language_transfer/README.md:46	results (analyze.py --pool predictivity_all)
src/signal-and-noise/analysis/rq06_language_transfer/README.md:84	panels (panels.py --pool predictivity_all)
src/signal-and-noise/analysis/rq06_language_transfer/README.md:142	language-panel (language_panel.py --pool predictivity)
src/signal-and-noise/analysis/rq07_external_frameworks/README.md:17	highlight (analyze.py --pool predictivity)
src/signal-and-noise/analysis/rq07_external_frameworks/README.md:128	results (analyze.py --pool predictivity)
src/signal-and-noise/analysis/rq10_size_generalisation/README.md:42	above-reference-3B (above_reference.py --pool predictivity --reference 3B)
src/signal-and-noise/analysis/rq10_size_generalisation/README.md:99	above-reference-1.7B-design3B (above_reference.py --pool predictivity --reference 1.7B --design 3B)
