rq02_decision_accuracy/pretraining/predictivity/agreement_da_size_identity_multi_axes.csv	long	1884	295	0	0	d309cb72 2026-10-02 da,tau_a,gap_pairs
rq02_decision_accuracy/pretraining/predictivity/agreement_da_size_per_cell_multi_axes.csv	long	1884	295	0	0	d309cb72 2026-10-02 da,tau_a,gamma,da_drop_ref_ties
rq02_decision_accuracy/pretraining/predictivity/da_all_by_L_per_task_mono_axis.csv	wide	120832	6313	0	0	d309cb72 2026-10-02 
rq02_decision_accuracy/pretraining/predictivity/da_all_by_L_per_task_multi_axes.csv	wide	144160	7424	0	0	d309cb72 2026-10-02 
rq02_decision_accuracy/pretraining/predictivity/da_all_by_transformation_per_task_mono_axis.csv	wide	140656	7434	0	0	d309cb72 2026-10-02 
rq02_decision_accuracy/pretraining/predictivity/da_all_n_pairs_per_task_both_axes.csv	wide	1796	118	5278	4378	d309cb72 2026-10-02 decision_acc_goal_f10_90M,decision_acc_goal_f20_90M,decision_acc_goal_f30_90M,decision_acc_goal_f40_90M
rq02_decision_accuracy/pretraining/predictivity/da_all_per_benchmark_multi_axes.csv	wide	49611	2898	0	0	d309cb72 2026-10-02 
rq02_decision_accuracy/pretraining/predictivity/da_all_per_task_both_axes.csv	wide	1796	118	5278	4378	d309cb72 2026-10-02 decision_acc_size_90M,decision_acc_size_90M_to_175M,decision_acc_size_90M_to_350M,decision_acc_size_90M_to_600M
rq02_decision_accuracy/pretraining/predictivity/da_all_pooled_per_task_mono_axis.csv	wide	52982	3481	0	0	d309cb72 2026-10-02 
rq02_decision_accuracy/pretraining/predictivity/da_all_pooled_per_task_multi_axes.csv	wide	52982	3481	0	0	d309cb72 2026-10-02 
rq02_decision_accuracy/pretraining/predictivity/da_all_reliable_tasks_both_axes.csv	wide	1076	118	0	0	d309cb72 2026-10-02 
rq02_decision_accuracy/pretraining/predictivity/da_ckpt_per_benchmark_multi_axes.csv	wide	719	42	0	0	d309cb72 2026-10-02 
rq02_decision_accuracy/pretraining/predictivity/da_goal_early_small_per_task_both_axes.csv	wide	85078	4956	0	0	d309cb72 2026-10-02 
rq02_decision_accuracy/pretraining/predictivity/da_size_multi_axes.csv	wide	3595	210	0	0	d309cb72 2026-10-02 
rq02_decision_accuracy/pretraining/predictivity/da_size_per_benchmark_multi_axes.csv	wide	719	42	0	0	d309cb72 2026-10-02 
rq02_decision_accuracy/pretraining/predictivity/early_small_da_goal_multi_axes.csv	wide	42421	2478	0	0	d309cb72 2026-10-02 
rq02_decision_accuracy/pretraining/predictivity/public_ladders_da_size_multi_axes.csv	wide	54	0	0	0	d309cb72 2026-10-02 
rq02_decision_accuracy/pretraining/predictivity/scaling_vs_ranking_da_size_multi_axes.csv	long	1380	190	0	0	d309cb72 2026-10-02 rho_ranking,da_size,rho_size,r2_size
rq02_decision_accuracy/pretraining/predictivity_schemes/da_all_n_pairs_per_task_both_axes.csv	wide	1796	118	0	0	d309cb72 2026-10-02 
rq02_decision_accuracy/pretraining/predictivity_schemes/da_all_per_task_both_axes.csv	wide	1796	118	5278	5278	d309cb72 2026-10-02 decision_acc_size_90M,decision_acc_size_90M_to_175M,decision_acc_size_90M_to_350M,decision_acc_size_90M_to_600M
rq02_decision_accuracy/pretraining/predictivity_schemes/da_goal_early_small_per_task_both_axes.csv	wide	105964	6962	0	0	d309cb72 2026-10-02 
rq02_decision_accuracy/pretraining/predictivity_seeds/da_all_n_pairs_per_task_both_axes.csv	wide	2694	177	7917	4378	d309cb72 2026-10-02 decision_acc_goal_f10_90M,decision_acc_goal_f20_90M,decision_acc_goal_f30_90M,decision_acc_goal_f40_90M
rq02_decision_accuracy/pretraining/predictivity_seeds/da_all_per_benchmark_multi_axes.csv	wide	49611	2898	0	0	d309cb72 2026-10-02 
rq02_decision_accuracy/pretraining/predictivity_seeds/da_all_per_task_both_axes.csv	wide	2694	177	7917	5624	d309cb72 2026-10-02 decision_acc_size_90M,decision_acc_size_90M_to_175M,decision_acc_size_90M_to_350M,decision_acc_size_90M_to_600M
rq02_decision_accuracy/pretraining/predictivity_seeds/da_ckpt_per_benchmark_multi_axes.csv	wide	719	42	0	0	d309cb72 2026-10-02 
rq02_decision_accuracy/pretraining/predictivity_seeds/da_goal_early_small_per_task_both_axes.csv	wide	85078	4956	0	0	d309cb72 2026-10-02 
rq02_decision_accuracy/pretraining/predictivity_seeds/da_size_multi_axes.csv	wide	3595	210	0	0	d309cb72 2026-10-02 
rq02_decision_accuracy/pretraining/predictivity_seeds/da_size_per_benchmark_multi_axes.csv	wide	719	42	0	0	d309cb72 2026-10-02 
rq02_decision_accuracy/pretraining/predictivity_seeds/early_small_da_goal_multi_axes.csv	wide	42421	2478	0	0	d309cb72 2026-10-02 
rq02_decision_accuracy/pretraining/predictivity_seeds_test/da_all_n_pairs_per_task_both_axes.csv	wide	1796	118	0	0	d309cb72 2026-10-02 
rq02_decision_accuracy/pretraining/predictivity_seeds_test/da_all_per_task_both_axes.csv	wide	1796	118	4592	316	d309cb72 2026-10-02 decision_acc_size_175M_to_600M,decision_acc_ckpt_f10_175M,decision_acc_ckpt_f20_175M,decision_acc_ckpt_f30_175M
src/signal-and-noise/analysis/rq02_decision_accuracy/pretraining/predictivity_seeds_test/da_goal_early_small_per_task_both_axes.csv	EMPTY	0	0	0	0	
rq02_decision_accuracy/pretraining/predictivity_seeds_train/da_all_n_pairs_per_task_both_axes.csv	wide	2694	177	0	0	d309cb72 2026-10-02 
rq02_decision_accuracy/pretraining/predictivity_seeds_train/da_all_per_task_both_axes.csv	wide	2694	177	6888	474	d309cb72 2026-10-02 decision_acc_size_175M_to_600M,decision_acc_ckpt_f10_175M,decision_acc_ckpt_f20_175M,decision_acc_ckpt_f30_175M
src/signal-and-noise/analysis/rq02_decision_accuracy/pretraining/predictivity_seeds_train/da_goal_early_small_per_task_both_axes.csv	EMPTY	0	0	0	0	
rq03_noise_and_snr/pretraining/predictivity/snr.csv	long	5359	351	2639	0	8acdfa5a 2026-10-01 log_snr
rq03_noise_and_snr/pretraining/predictivity/snr_variants_per_task.csv	wide	898	59	2639	2189	8acdfa5a 2026-10-01 decision_acc_size_90M,decision_acc_size_90M_to_175M,decision_acc_size_90M_to_350M,decision_acc_size_90M_to_600M
rq03_noise_and_snr/pretraining/predictivity_all/effect_over_seed.csv	long	10558	159	9147	0	8acdfa5a 2026-10-01 log_ratio
rq03_noise_and_snr/pretraining/predictivity_all/effect_vs_noise.csv	long	17556	906	9147	0	8acdfa5a 2026-10-01 effect_arch,effect_scheme,effect_temperature,effect_zh
rq03_noise_and_snr/pretraining/predictivity_seeds/effect_vs_noise.csv	long	5149	0	2873	15	c28b4333 2026-09-20 effect_arch,effect_scheme,seed_noise,ckpt_noise
rq03_noise_and_snr/pretraining/predictivity_seeds/snr_variants_per_task.csv	wide	898	59	2639	2189	8acdfa5a 2026-10-01 decision_acc_size_90M,decision_acc_size_90M_to_175M,decision_acc_size_90M_to_350M,decision_acc_size_90M_to_600M
rq03_noise_and_snr/pretraining/predictivity_seeds_test/snr_variants_per_task.csv	wide	898	59	2296	158	8acdfa5a 2026-10-01 decision_acc_size_175M_to_600M,decision_acc_ckpt_f10_175M,decision_acc_ckpt_f20_175M,decision_acc_ckpt_f30_175M
rq03_noise_and_snr/pretraining/predictivity_seeds_train/snr_variants_per_task.csv	wide	898	59	2296	158	8acdfa5a 2026-10-01 decision_acc_size_175M_to_600M,decision_acc_ckpt_f10_175M,decision_acc_ckpt_f20_175M,decision_acc_ckpt_f30_175M
rq04_surrogates/pretraining/predictivity/finetasks_criteria.csv	long	4110	252	2189	2189	14798269 2026-10-02 monotonicity,snr_finetasks,n_std,ordering
rq04_surrogates/pretraining/predictivity/finetasks_surrogates_scatter.csv	long	3425	210	1901	1901	14798269 2026-10-02 da_size,gate,monotonicity,snr_finetasks
rq04_surrogates/pretraining/predictivity/surrogate_targets.csv	wide	214200	25310	0	0	14798269 2026-10-02 
rq04_surrogates/pretraining/predictivity/surrogate_values.csv	wide	7190	420	0	0	14798269 2026-10-02 
rq04_surrogates/pretraining/predictivity/top_benchmarks_per_language.csv	long	243	32	0	0	8acdfa5a 2026-10-01 snr,da_size,da_ckpt_mean
rq04_surrogates/pretraining/predictivity_seeds/top_benchmarks_per_language.csv	long	243	32	0	0	8acdfa5a 2026-10-01 snr,da_size,da_ckpt_mean
rq06_language_transfer/pretraining/predictivity_all/bpb_curves.csv	wide	358449	0	0	0	8acdfa5a 2026-10-01 
rq06_language_transfer/pretraining/predictivity_all/rq5_transfer.csv	wide	2400	0	0	0	8acdfa5a 2026-10-01 
rq06_language_transfer/pretraining/predictivity_all/transfer_error_by_L.csv	wide	2400	0	0	0	8acdfa5a 2026-10-01 
rq07_external_frameworks/pretraining/predictivity/task_overlap.csv	wide	1132	59	0	0	8acdfa5a 2026-10-01 
rq07_external_frameworks/pretraining/predictivity/top_allenai.csv	wide	6	0	0	0	4a583aea 2026-09-23 
rq07_external_frameworks/pretraining/predictivity/top_apertus.csv	wide	3	0	0	0	53bc979b 2026-09-23 
rq07_external_frameworks/pretraining/predictivity_seeds/task_overlap.csv	wide	1132	59	0	0	8acdfa5a 2026-10-01 
rq07_external_frameworks/pretraining/predictivity_seeds/top_allenai.csv	wide	6	0	0	0	4a583aea 2026-09-23 
rq07_external_frameworks/pretraining/predictivity_seeds/top_apertus.csv	wide	3	0	0	0	4a583aea 2026-09-23 
rq08_subset_selection/pretraining/predictivity/gain_over_null.csv	long	124	6	0	0	8acdfa5a 2026-10-01 gain_over_null
rq08_subset_selection/pretraining/predictivity/global_mmlu_full.csv	long	2	0	0	0	c28b4333 2026-09-20 full_set_snr,best_snr,null_snr_p95,null_snr_median
rq08_subset_selection/pretraining/predictivity/global_mmlu_full_per_language.csv	long	4	0	0	0	c28b4333 2026-09-20 full_set_snr,best_snr,null_snr_p95,null_snr_median
rq08_subset_selection/pretraining/predictivity/per_benchmark.csv	long	131	6	0	0	8acdfa5a 2026-10-01 full_set_snr,best_snr,null_snr_p95,null_snr_median
src/signal-and-noise/analysis/rq08_subset_selection/pretraining/predictivity/per_item_snr.csv	EMPTY	0	0	0	0	
rq08_subset_selection/pretraining/predictivity/summary.csv	long	137	6	0	0	8acdfa5a 2026-10-01 full_set_snr,best_snr,snr_gain,null_snr_p95
rq09_benchmark_design/pretraining/predictivity/per_task_snr.csv	wide	334	59	0	0	8acdfa5a 2026-10-01 
rq09_benchmark_design/pretraining/predictivity/snr_family.csv	wide	330	59	0	0	8acdfa5a 2026-10-01 
rq09_benchmark_design/pretraining/predictivity_seeds/per_task_snr.csv	wide	334	59	0	0	8acdfa5a 2026-10-01 
rq10_size_generalisation/pretraining/predictivity/above_reference_1.7B_design3B_per_task.csv	long	60400	3200	33000	12760	8acdfa5a 2026-10-01 da
rq10_size_generalisation/pretraining/predictivity/above_reference_3B_per_task.csv	long	72480	3840	38140	14940	8acdfa5a 2026-10-01 da
