R100	src/signal-and-noise/analysis/rq02_decision_accuracy/all/external/da_per_task.csv	src/signal-and-noise/analysis/rq02_decision_accuracy/all/external/da_all_per_task_both_axes.csv
R100	src/signal-and-noise/analysis/rq02_decision_accuracy/pretraining/custom_swissai_hf/da_per_task.csv	src/signal-and-noise/analysis/rq02_decision_accuracy/pretraining/custom_swissai_hf/da_all_per_task_both_axes.csv
R100	src/signal-and-noise/analysis/rq02_decision_accuracy/pretraining/predictivity/agreement_correlation.csv	src/signal-and-noise/analysis/rq02_decision_accuracy/pretraining/predictivity/agreement_da_size_correlation_multi_axes.csv
R100	src/signal-and-noise/analysis/rq02_decision_accuracy/pretraining/predictivity/agreement_correlation.png	src/signal-and-noise/analysis/rq02_decision_accuracy/pretraining/predictivity/agreement_da_size_correlation_multi_axes.png
R100	src/signal-and-noise/analysis/rq02_decision_accuracy/pretraining/predictivity/agreement_cut_sensitivity.csv	src/signal-and-noise/analysis/rq02_decision_accuracy/pretraining/predictivity/agreement_da_size_cut_sensitivity_multi_axes.csv
R100	src/signal-and-noise/analysis/rq02_decision_accuracy/pretraining/predictivity/agreement_cut_sensitivity.png	src/signal-and-noise/analysis/rq02_decision_accuracy/pretraining/predictivity/agreement_da_size_cut_sensitivity_multi_axes.png
R100	src/signal-and-noise/analysis/rq02_decision_accuracy/pretraining/predictivity/agreement_identity.csv	src/signal-and-noise/analysis/rq02_decision_accuracy/pretraining/predictivity/agreement_da_size_identity_multi_axes.csv
R100	src/signal-and-noise/analysis/rq02_decision_accuracy/pretraining/predictivity/agreement_identity.png	src/signal-and-noise/analysis/rq02_decision_accuracy/pretraining/predictivity/agreement_da_size_identity_multi_axes.png
R100	src/signal-and-noise/analysis/rq02_decision_accuracy/pretraining/predictivity/agreement_per_cell.csv	src/signal-and-noise/analysis/rq02_decision_accuracy/pretraining/predictivity/agreement_da_size_per_cell_multi_axes.csv
R100	src/signal-and-noise/analysis/rq02_decision_accuracy/pretraining/predictivity/cross_task_ckpt_benchmarks.csv	src/signal-and-noise/analysis/rq02_decision_accuracy/pretraining/predictivity/cross_task_da_ckpt_benchmarks_multi_axes.csv
R100	src/signal-and-noise/analysis/rq02_decision_accuracy/pretraining/predictivity/cross_task_ckpt_benchmarks.png	src/signal-and-noise/analysis/rq02_decision_accuracy/pretraining/predictivity/cross_task_da_ckpt_benchmarks_multi_axes.png
R100	src/signal-and-noise/analysis/rq02_decision_accuracy/pretraining/predictivity/cross_task_ckpt_by_family.csv	src/signal-and-noise/analysis/rq02_decision_accuracy/pretraining/predictivity/cross_task_da_ckpt_by_family_multi_axes.csv
R100	src/signal-and-noise/analysis/rq02_decision_accuracy/pretraining/predictivity/cross_task_ckpt_by_family.png	src/signal-and-noise/analysis/rq02_decision_accuracy/pretraining/predictivity/cross_task_da_ckpt_by_family_multi_axes.png
R100	src/signal-and-noise/analysis/rq02_decision_accuracy/pretraining/predictivity/cross_task_ckpt_by_language.csv	src/signal-and-noise/analysis/rq02_decision_accuracy/pretraining/predictivity/cross_task_da_ckpt_by_language_multi_axes.csv
R100	src/signal-and-noise/analysis/rq02_decision_accuracy/pretraining/predictivity/cross_task_ckpt_by_language.png	src/signal-and-noise/analysis/rq02_decision_accuracy/pretraining/predictivity/cross_task_da_ckpt_by_language_multi_axes.png
R100	src/signal-and-noise/analysis/rq02_decision_accuracy/pretraining/predictivity/cross_task_ckpt.csv	src/signal-and-noise/analysis/rq02_decision_accuracy/pretraining/predictivity/cross_task_da_ckpt_multi_axes.csv
R100	src/signal-and-noise/analysis/rq02_decision_accuracy/pretraining/predictivity/cross_task_ckpt.png	src/signal-and-noise/analysis/rq02_decision_accuracy/pretraining/predictivity/cross_task_da_ckpt_multi_axes.png
R100	src/signal-and-noise/analysis/rq02_decision_accuracy/pretraining/predictivity/cross_task_size_benchmarks.csv	src/signal-and-noise/analysis/rq02_decision_accuracy/pretraining/predictivity/cross_task_da_size_benchmarks_multi_axes.csv
R100	src/signal-and-noise/analysis/rq02_decision_accuracy/pretraining/predictivity/cross_task_size_benchmarks.png	src/signal-and-noise/analysis/rq02_decision_accuracy/pretraining/predictivity/cross_task_da_size_benchmarks_multi_axes.png
R100	src/signal-and-noise/analysis/rq02_decision_accuracy/pretraining/predictivity/cross_task_size_by_family.csv	src/signal-and-noise/analysis/rq02_decision_accuracy/pretraining/predictivity/cross_task_da_size_by_family_multi_axes.csv
R100	src/signal-and-noise/analysis/rq02_decision_accuracy/pretraining/predictivity/cross_task_size_by_family.png	src/signal-and-noise/analysis/rq02_decision_accuracy/pretraining/predictivity/cross_task_da_size_by_family_multi_axes.png
R100	src/signal-and-noise/analysis/rq02_decision_accuracy/pretraining/predictivity/cross_task_size_by_language.csv	src/signal-and-noise/analysis/rq02_decision_accuracy/pretraining/predictivity/cross_task_da_size_by_language_multi_axes.csv
R100	src/signal-and-noise/analysis/rq02_decision_accuracy/pretraining/predictivity/cross_task_size_by_language.png	src/signal-and-noise/analysis/rq02_decision_accuracy/pretraining/predictivity/cross_task_da_size_by_language_multi_axes.png
R100	src/signal-and-noise/analysis/rq02_decision_accuracy/pretraining/predictivity/cross_task_size.csv	src/signal-and-noise/analysis/rq02_decision_accuracy/pretraining/predictivity/cross_task_da_size_multi_axes.csv
R100	src/signal-and-noise/analysis/rq02_decision_accuracy/pretraining/predictivity/cross_task_size.png	src/signal-and-noise/analysis/rq02_decision_accuracy/pretraining/predictivity/cross_task_da_size_multi_axes.png
R100	src/signal-and-noise/analysis/rq02_decision_accuracy/pretraining/predictivity/da_by_L_per_task_mono_axis.csv	src/signal-and-noise/analysis/rq02_decision_accuracy/pretraining/predictivity/da_all_by_L_per_task_mono_axis.csv
R100	src/signal-and-noise/analysis/rq02_decision_accuracy/pretraining/predictivity/da_by_L_per_task.csv	src/signal-and-noise/analysis/rq02_decision_accuracy/pretraining/predictivity/da_all_by_L_per_task_multi_axes.csv
R100	src/signal-and-noise/analysis/rq02_decision_accuracy/pretraining/predictivity/da_by_transformation_per_task.csv	src/signal-and-noise/analysis/rq02_decision_accuracy/pretraining/predictivity/da_all_by_transformation_per_task_mono_axis.csv
R100	src/signal-and-noise/analysis/rq02_decision_accuracy/pretraining/predictivity/da_explainer.csv	src/signal-and-noise/analysis/rq02_decision_accuracy/pretraining/predictivity/da_all_explainer_both_axes.csv
R100	src/signal-and-noise/analysis/rq02_decision_accuracy/pretraining/predictivity/da_explainer.png	src/signal-and-noise/analysis/rq02_decision_accuracy/pretraining/predictivity/da_all_explainer_both_axes.png
R100	src/signal-and-noise/analysis/rq02_decision_accuracy/pretraining/predictivity/da_n_pairs_per_task.csv	src/signal-and-noise/analysis/rq02_decision_accuracy/pretraining/predictivity/da_all_n_pairs_per_task_both_axes.csv
R100	src/signal-and-noise/analysis/rq02_decision_accuracy/pretraining/predictivity/da_per_benchmark.csv	src/signal-and-noise/analysis/rq02_decision_accuracy/pretraining/predictivity/da_all_per_benchmark_multi_axes.csv
R100	src/signal-and-noise/analysis/rq02_decision_accuracy/pretraining/predictivity/da_per_task.csv	src/signal-and-noise/analysis/rq02_decision_accuracy/pretraining/predictivity/da_all_per_task_both_axes.csv
R100	src/signal-and-noise/analysis/rq02_decision_accuracy/pretraining/predictivity/da_pooled_per_task_mono_axis.csv	src/signal-and-noise/analysis/rq02_decision_accuracy/pretraining/predictivity/da_all_pooled_per_task_mono_axis.csv
R100	src/signal-and-noise/analysis/rq02_decision_accuracy/pretraining/predictivity/da_pooled_per_task.csv	src/signal-and-noise/analysis/rq02_decision_accuracy/pretraining/predictivity/da_all_pooled_per_task_multi_axes.csv
R100	src/signal-and-noise/analysis/rq02_decision_accuracy/pretraining/predictivity/da_reliable_by_language.csv	src/signal-and-noise/analysis/rq02_decision_accuracy/pretraining/predictivity/da_all_reliable_by_language_both_axes.csv
R100	src/signal-and-noise/analysis/rq02_decision_accuracy/pretraining/predictivity/da_reliable_tasks.csv	src/signal-and-noise/analysis/rq02_decision_accuracy/pretraining/predictivity/da_all_reliable_tasks_both_axes.csv
R100	src/signal-and-noise/analysis/rq02_decision_accuracy/pretraining/predictivity/da_per_benchmark_ckpt.csv	src/signal-and-noise/analysis/rq02_decision_accuracy/pretraining/predictivity/da_ckpt_per_benchmark_multi_axes.csv
R100	src/signal-and-noise/analysis/rq02_decision_accuracy/pretraining/predictivity/da_early_small_per_task.csv	src/signal-and-noise/analysis/rq02_decision_accuracy/pretraining/predictivity/da_goal_early_small_per_task_both_axes.csv
R100	src/signal-and-noise/analysis/rq02_decision_accuracy/pretraining/predictivity/da_size_by_benchmark.png	src/signal-and-noise/analysis/rq02_decision_accuracy/pretraining/predictivity/da_size_by_benchmark_multi_axes.png
R100	src/signal-and-noise/analysis/rq02_decision_accuracy/pretraining/predictivity/da_size_by_family.csv	src/signal-and-noise/analysis/rq02_decision_accuracy/pretraining/predictivity/da_size_by_family_multi_axes.csv
R100	src/signal-and-noise/analysis/rq02_decision_accuracy/pretraining/predictivity/da_size_by_family.png	src/signal-and-noise/analysis/rq02_decision_accuracy/pretraining/predictivity/da_size_by_family_multi_axes.png
R100	src/signal-and-noise/analysis/rq02_decision_accuracy/pretraining/predictivity/da_size_by_language.png	src/signal-and-noise/analysis/rq02_decision_accuracy/pretraining/predictivity/da_size_by_language_multi_axes.png
R100	src/signal-and-noise/analysis/rq02_decision_accuracy/pretraining/predictivity/da_size.csv	src/signal-and-noise/analysis/rq02_decision_accuracy/pretraining/predictivity/da_size_multi_axes.csv
R100	src/signal-and-noise/analysis/rq02_decision_accuracy/pretraining/predictivity/da_per_benchmark_size.csv	src/signal-and-noise/analysis/rq02_decision_accuracy/pretraining/predictivity/da_size_per_benchmark_multi_axes.csv
R100	src/signal-and-noise/analysis/rq02_decision_accuracy/pretraining/predictivity/da_reliable_tasks_66_late.png	src/signal-and-noise/analysis/rq02_decision_accuracy/pretraining/predictivity/da_size_vs_da_ckpt_reliable_tasks_66_late_multi_axes.png
R100	src/signal-and-noise/analysis/rq02_decision_accuracy/pretraining/predictivity/da_reliable_tasks_66_max.png	src/signal-and-noise/analysis/rq02_decision_accuracy/pretraining/predictivity/da_size_vs_da_ckpt_reliable_tasks_66_max_multi_axes.png
R100	src/signal-and-noise/analysis/rq02_decision_accuracy/pretraining/predictivity/da_reliable_tasks_66_mean.png	src/signal-and-noise/analysis/rq02_decision_accuracy/pretraining/predictivity/da_size_vs_da_ckpt_reliable_tasks_66_mean_multi_axes.png
R100	src/signal-and-noise/analysis/rq02_decision_accuracy/pretraining/predictivity/da_reliable_tasks_66_median.png	src/signal-and-noise/analysis/rq02_decision_accuracy/pretraining/predictivity/da_size_vs_da_ckpt_reliable_tasks_66_median_multi_axes.png
R100	src/signal-and-noise/analysis/rq02_decision_accuracy/pretraining/predictivity/da_reliable_tasks_75_late.png	src/signal-and-noise/analysis/rq02_decision_accuracy/pretraining/predictivity/da_size_vs_da_ckpt_reliable_tasks_75_late_multi_axes.png
R100	src/signal-and-noise/analysis/rq02_decision_accuracy/pretraining/predictivity/da_reliable_tasks_75_max.png	src/signal-and-noise/analysis/rq02_decision_accuracy/pretraining/predictivity/da_size_vs_da_ckpt_reliable_tasks_75_max_multi_axes.png
R100	src/signal-and-noise/analysis/rq02_decision_accuracy/pretraining/predictivity/da_reliable_tasks_75_mean.png	src/signal-and-noise/analysis/rq02_decision_accuracy/pretraining/predictivity/da_size_vs_da_ckpt_reliable_tasks_75_mean_multi_axes.png
R100	src/signal-and-noise/analysis/rq02_decision_accuracy/pretraining/predictivity/da_reliable_tasks_75_median.png	src/signal-and-noise/analysis/rq02_decision_accuracy/pretraining/predictivity/da_size_vs_da_ckpt_reliable_tasks_75_median_multi_axes.png
R100	src/signal-and-noise/analysis/rq02_decision_accuracy/pretraining/predictivity/da_reliable_tasks_80_late.png	src/signal-and-noise/analysis/rq02_decision_accuracy/pretraining/predictivity/da_size_vs_da_ckpt_reliable_tasks_80_late_multi_axes.png
R100	src/signal-and-noise/analysis/rq02_decision_accuracy/pretraining/predictivity/da_reliable_tasks_80_max.png	src/signal-and-noise/analysis/rq02_decision_accuracy/pretraining/predictivity/da_size_vs_da_ckpt_reliable_tasks_80_max_multi_axes.png
R100	src/signal-and-noise/analysis/rq02_decision_accuracy/pretraining/predictivity/da_reliable_tasks_80_mean.png	src/signal-and-noise/analysis/rq02_decision_accuracy/pretraining/predictivity/da_size_vs_da_ckpt_reliable_tasks_80_mean_multi_axes.png
R100	src/signal-and-noise/analysis/rq02_decision_accuracy/pretraining/predictivity/da_reliable_tasks_80_median.png	src/signal-and-noise/analysis/rq02_decision_accuracy/pretraining/predictivity/da_size_vs_da_ckpt_reliable_tasks_80_median_multi_axes.png
R100	src/signal-and-noise/analysis/rq02_decision_accuracy/pretraining/predictivity/early_small_by_L_ckpt_above_66_both_mono_axis.csv	src/signal-and-noise/analysis/rq02_decision_accuracy/pretraining/predictivity/early_small_da_ckpt_by_L_above_66_both_mono_axis.csv
R100	src/signal-and-noise/analysis/rq02_decision_accuracy/pretraining/predictivity/early_small_by_L_ckpt_above_66_both_mono_axis.png	src/signal-and-noise/analysis/rq02_decision_accuracy/pretraining/predictivity/early_small_da_ckpt_by_L_above_66_both_mono_axis.png
R100	src/signal-and-noise/analysis/rq02_decision_accuracy/pretraining/predictivity/early_small_by_L_ckpt_above_66_both.csv	src/signal-and-noise/analysis/rq02_decision_accuracy/pretraining/predictivity/early_small_da_ckpt_by_L_above_66_both_multi_axes.csv
R100	src/signal-and-noise/analysis/rq02_decision_accuracy/pretraining/predictivity/early_small_by_L_ckpt_above_66_both_multi_axes.png	src/signal-and-noise/analysis/rq02_decision_accuracy/pretraining/predictivity/early_small_da_ckpt_by_L_above_66_both_multi_axes.png
R100	src/signal-and-noise/analysis/rq02_decision_accuracy/pretraining/predictivity/early_small_by_L_ckpt_above_66_ckpt_mono_axis.csv	src/signal-and-noise/analysis/rq02_decision_accuracy/pretraining/predictivity/early_small_da_ckpt_by_L_above_66_ckpt_mono_axis.csv
R100	src/signal-and-noise/analysis/rq02_decision_accuracy/pretraining/predictivity/early_small_by_L_ckpt_above_66_ckpt_mono_axis.png	src/signal-and-noise/analysis/rq02_decision_accuracy/pretraining/predictivity/early_small_da_ckpt_by_L_above_66_ckpt_mono_axis.png
R100	src/signal-and-noise/analysis/rq02_decision_accuracy/pretraining/predictivity/early_small_by_L_ckpt_above_66_ckpt.csv	src/signal-and-noise/analysis/rq02_decision_accuracy/pretraining/predictivity/early_small_da_ckpt_by_L_above_66_ckpt_multi_axes.csv
R100	src/signal-and-noise/analysis/rq02_decision_accuracy/pretraining/predictivity/early_small_by_L_ckpt_above_66_ckpt_multi_axes.png	src/signal-and-noise/analysis/rq02_decision_accuracy/pretraining/predictivity/early_small_da_ckpt_by_L_above_66_ckpt_multi_axes.png
R100	src/signal-and-noise/analysis/rq02_decision_accuracy/pretraining/predictivity/early_small_by_L_ckpt_above_80_mono_axis.csv	src/signal-and-noise/analysis/rq02_decision_accuracy/pretraining/predictivity/early_small_da_ckpt_by_L_above_80_mono_axis.csv
R100	src/signal-and-noise/analysis/rq02_decision_accuracy/pretraining/predictivity/early_small_by_L_ckpt_above_80_mono_axis.png	src/signal-and-noise/analysis/rq02_decision_accuracy/pretraining/predictivity/early_small_da_ckpt_by_L_above_80_mono_axis.png
R100	src/signal-and-noise/analysis/rq02_decision_accuracy/pretraining/predictivity/early_small_by_L_ckpt_above_80.csv	src/signal-and-noise/analysis/rq02_decision_accuracy/pretraining/predictivity/early_small_da_ckpt_by_L_above_80_multi_axes.csv
R100	src/signal-and-noise/analysis/rq02_decision_accuracy/pretraining/predictivity/early_small_by_L_ckpt_above_80_multi_axes.png	src/signal-and-noise/analysis/rq02_decision_accuracy/pretraining/predictivity/early_small_da_ckpt_by_L_above_80_multi_axes.png
R100	src/signal-and-noise/analysis/rq02_decision_accuracy/pretraining/predictivity/early_small_by_L_ckpt_mono_axis.csv	src/signal-and-noise/analysis/rq02_decision_accuracy/pretraining/predictivity/early_small_da_ckpt_by_L_mono_axis.csv
R100	src/signal-and-noise/analysis/rq02_decision_accuracy/pretraining/predictivity/early_small_by_L_ckpt_mono_axis.png	src/signal-and-noise/analysis/rq02_decision_accuracy/pretraining/predictivity/early_small_da_ckpt_by_L_mono_axis.png
R100	src/signal-and-noise/analysis/rq02_decision_accuracy/pretraining/predictivity/early_small_by_L_ckpt.csv	src/signal-and-noise/analysis/rq02_decision_accuracy/pretraining/predictivity/early_small_da_ckpt_by_L_multi_axes.csv
R100	src/signal-and-noise/analysis/rq02_decision_accuracy/pretraining/predictivity/early_small_by_L_ckpt_multi_axes.png	src/signal-and-noise/analysis/rq02_decision_accuracy/pretraining/predictivity/early_small_da_ckpt_by_L_multi_axes.png
R100	src/signal-and-noise/analysis/rq02_decision_accuracy/pretraining/predictivity/early_small_by_L_ckpt_with_bpb_mono_axis.csv	src/signal-and-noise/analysis/rq02_decision_accuracy/pretraining/predictivity/early_small_da_ckpt_by_L_with_bpb_mono_axis.csv
R100	src/signal-and-noise/analysis/rq02_decision_accuracy/pretraining/predictivity/early_small_by_L_ckpt_with_bpb_mono_axis.png	src/signal-and-noise/analysis/rq02_decision_accuracy/pretraining/predictivity/early_small_da_ckpt_by_L_with_bpb_mono_axis.png
R100	src/signal-and-noise/analysis/rq02_decision_accuracy/pretraining/predictivity/early_small_by_L_ckpt_with_bpb.csv	src/signal-and-noise/analysis/rq02_decision_accuracy/pretraining/predictivity/early_small_da_ckpt_by_L_with_bpb_multi_axes.csv
R100	src/signal-and-noise/analysis/rq02_decision_accuracy/pretraining/predictivity/early_small_by_L_ckpt_with_bpb_multi_axes.png	src/signal-and-noise/analysis/rq02_decision_accuracy/pretraining/predictivity/early_small_da_ckpt_by_L_with_bpb_multi_axes.png
R100	src/signal-and-noise/analysis/rq02_decision_accuracy/pretraining/predictivity/early_small_by_transformation_ckpt_above_66_both.csv	src/signal-and-noise/analysis/rq02_decision_accuracy/pretraining/predictivity/early_small_da_ckpt_by_transformation_above_66_both_mono_axis.csv
R100	src/signal-and-noise/analysis/rq02_decision_accuracy/pretraining/predictivity/early_small_by_transformation_ckpt_above_66_both.png	src/signal-and-noise/analysis/rq02_decision_accuracy/pretraining/predictivity/early_small_da_ckpt_by_transformation_above_66_both_mono_axis.png
R100	src/signal-and-noise/analysis/rq02_decision_accuracy/pretraining/predictivity/early_small_by_transformation_ckpt_above_66_ckpt.csv	src/signal-and-noise/analysis/rq02_decision_accuracy/pretraining/predictivity/early_small_da_ckpt_by_transformation_above_66_ckpt_mono_axis.csv
R100	src/signal-and-noise/analysis/rq02_decision_accuracy/pretraining/predictivity/early_small_by_transformation_ckpt_above_66_ckpt.png	src/signal-and-noise/analysis/rq02_decision_accuracy/pretraining/predictivity/early_small_da_ckpt_by_transformation_above_66_ckpt_mono_axis.png
R100	src/signal-and-noise/analysis/rq02_decision_accuracy/pretraining/predictivity/early_small_by_transformation_ckpt_above_80.csv	src/signal-and-noise/analysis/rq02_decision_accuracy/pretraining/predictivity/early_small_da_ckpt_by_transformation_above_80_mono_axis.csv
R100	src/signal-and-noise/analysis/rq02_decision_accuracy/pretraining/predictivity/early_small_by_transformation_ckpt_above_80.png	src/signal-and-noise/analysis/rq02_decision_accuracy/pretraining/predictivity/early_small_da_ckpt_by_transformation_above_80_mono_axis.png
R100	src/signal-and-noise/analysis/rq02_decision_accuracy/pretraining/predictivity/early_small_by_transformation_ckpt.csv	src/signal-and-noise/analysis/rq02_decision_accuracy/pretraining/predictivity/early_small_da_ckpt_by_transformation_mono_axis.csv
R100	src/signal-and-noise/analysis/rq02_decision_accuracy/pretraining/predictivity/early_small_by_transformation_ckpt.png	src/signal-and-noise/analysis/rq02_decision_accuracy/pretraining/predictivity/early_small_da_ckpt_by_transformation_mono_axis.png
R100	src/signal-and-noise/analysis/rq02_decision_accuracy/pretraining/predictivity/early_small_by_L_goal_above_66_both_mono_axis.csv	src/signal-and-noise/analysis/rq02_decision_accuracy/pretraining/predictivity/early_small_da_goal_by_L_above_66_both_mono_axis.csv
R100	src/signal-and-noise/analysis/rq02_decision_accuracy/pretraining/predictivity/early_small_by_L_goal_above_66_both_mono_axis.png	src/signal-and-noise/analysis/rq02_decision_accuracy/pretraining/predictivity/early_small_da_goal_by_L_above_66_both_mono_axis.png
R100	src/signal-and-noise/analysis/rq02_decision_accuracy/pretraining/predictivity/early_small_by_L_goal_above_66_both.csv	src/signal-and-noise/analysis/rq02_decision_accuracy/pretraining/predictivity/early_small_da_goal_by_L_above_66_both_multi_axes.csv
R100	src/signal-and-noise/analysis/rq02_decision_accuracy/pretraining/predictivity/early_small_by_L_goal_above_66_both_multi_axes.png	src/signal-and-noise/analysis/rq02_decision_accuracy/pretraining/predictivity/early_small_da_goal_by_L_above_66_both_multi_axes.png
R100	src/signal-and-noise/analysis/rq02_decision_accuracy/pretraining/predictivity/early_small_by_L_goal_above_66_either_mono_axis.csv	src/signal-and-noise/analysis/rq02_decision_accuracy/pretraining/predictivity/early_small_da_goal_by_L_above_66_either_mono_axis.csv
R100	src/signal-and-noise/analysis/rq02_decision_accuracy/pretraining/predictivity/early_small_by_L_goal_above_66_either_mono_axis.png	src/signal-and-noise/analysis/rq02_decision_accuracy/pretraining/predictivity/early_small_da_goal_by_L_above_66_either_mono_axis.png
R100	src/signal-and-noise/analysis/rq02_decision_accuracy/pretraining/predictivity/early_small_by_L_goal_above_66_either.csv	src/signal-and-noise/analysis/rq02_decision_accuracy/pretraining/predictivity/early_small_da_goal_by_L_above_66_either_multi_axes.csv
R100	src/signal-and-noise/analysis/rq02_decision_accuracy/pretraining/predictivity/early_small_by_L_goal_above_66_either_multi_axes.png	src/signal-and-noise/analysis/rq02_decision_accuracy/pretraining/predictivity/early_small_da_goal_by_L_above_66_either_multi_axes.png
R100	src/signal-and-noise/analysis/rq02_decision_accuracy/pretraining/predictivity/early_small_by_L_goal_above_80_mono_axis.csv	src/signal-and-noise/analysis/rq02_decision_accuracy/pretraining/predictivity/early_small_da_goal_by_L_above_80_mono_axis.csv
R100	src/signal-and-noise/analysis/rq02_decision_accuracy/pretraining/predictivity/early_small_by_L_goal_above_80_mono_axis.png	src/signal-and-noise/analysis/rq02_decision_accuracy/pretraining/predictivity/early_small_da_goal_by_L_above_80_mono_axis.png
R100	src/signal-and-noise/analysis/rq02_decision_accuracy/pretraining/predictivity/early_small_by_L_goal_above_80.csv	src/signal-and-noise/analysis/rq02_decision_accuracy/pretraining/predictivity/early_small_da_goal_by_L_above_80_multi_axes.csv
R100	src/signal-and-noise/analysis/rq02_decision_accuracy/pretraining/predictivity/early_small_by_L_goal_above_80_multi_axes.png	src/signal-and-noise/analysis/rq02_decision_accuracy/pretraining/predictivity/early_small_da_goal_by_L_above_80_multi_axes.png
R100	src/signal-and-noise/analysis/rq02_decision_accuracy/pretraining/predictivity/early_small_by_L_goal_mono_axis.csv	src/signal-and-noise/analysis/rq02_decision_accuracy/pretraining/predictivity/early_small_da_goal_by_L_mono_axis.csv
R100	src/signal-and-noise/analysis/rq02_decision_accuracy/pretraining/predictivity/early_small_by_L_goal_mono_axis.png	src/signal-and-noise/analysis/rq02_decision_accuracy/pretraining/predictivity/early_small_da_goal_by_L_mono_axis.png
R100	src/signal-and-noise/analysis/rq02_decision_accuracy/pretraining/predictivity/early_small_by_L_goal.csv	src/signal-and-noise/analysis/rq02_decision_accuracy/pretraining/predictivity/early_small_da_goal_by_L_multi_axes.csv
R100	src/signal-and-noise/analysis/rq02_decision_accuracy/pretraining/predictivity/early_small_by_L_goal_multi_axes.png	src/signal-and-noise/analysis/rq02_decision_accuracy/pretraining/predictivity/early_small_da_goal_by_L_multi_axes.png
R100	src/signal-and-noise/analysis/rq02_decision_accuracy/pretraining/predictivity/early_small_by_L_goal_with_bpb_mono_axis.csv	src/signal-and-noise/analysis/rq02_decision_accuracy/pretraining/predictivity/early_small_da_goal_by_L_with_bpb_mono_axis.csv
R100	src/signal-and-noise/analysis/rq02_decision_accuracy/pretraining/predictivity/early_small_by_L_goal_with_bpb_mono_axis.png	src/signal-and-noise/analysis/rq02_decision_accuracy/pretraining/predictivity/early_small_da_goal_by_L_with_bpb_mono_axis.png
R100	src/signal-and-noise/analysis/rq02_decision_accuracy/pretraining/predictivity/early_small_by_L_goal_with_bpb.csv	src/signal-and-noise/analysis/rq02_decision_accuracy/pretraining/predictivity/early_small_da_goal_by_L_with_bpb_multi_axes.csv
R100	src/signal-and-noise/analysis/rq02_decision_accuracy/pretraining/predictivity/early_small_by_L_goal_with_bpb_multi_axes.png	src/signal-and-noise/analysis/rq02_decision_accuracy/pretraining/predictivity/early_small_da_goal_by_L_with_bpb_multi_axes.png
R100	src/signal-and-noise/analysis/rq02_decision_accuracy/pretraining/predictivity/early_small_by_benchmark.png	src/signal-and-noise/analysis/rq02_decision_accuracy/pretraining/predictivity/early_small_da_goal_by_benchmark_multi_axes.png
R100	src/signal-and-noise/analysis/rq02_decision_accuracy/pretraining/predictivity/early_small_by_language.png	src/signal-and-noise/analysis/rq02_decision_accuracy/pretraining/predictivity/early_small_da_goal_by_language_multi_axes.png
R100	src/signal-and-noise/analysis/rq02_decision_accuracy/pretraining/predictivity/early_small_by_transformation_goal_above_66_both.csv	src/signal-and-noise/analysis/rq02_decision_accuracy/pretraining/predictivity/early_small_da_goal_by_transformation_above_66_both_mono_axis.csv
R100	src/signal-and-noise/analysis/rq02_decision_accuracy/pretraining/predictivity/early_small_by_transformation_goal_above_66_both.png	src/signal-and-noise/analysis/rq02_decision_accuracy/pretraining/predictivity/early_small_da_goal_by_transformation_above_66_both_mono_axis.png
R100	src/signal-and-noise/analysis/rq02_decision_accuracy/pretraining/predictivity/early_small_by_transformation_goal_above_66_either.csv	src/signal-and-noise/analysis/rq02_decision_accuracy/pretraining/predictivity/early_small_da_goal_by_transformation_above_66_either_mono_axis.csv
R100	src/signal-and-noise/analysis/rq02_decision_accuracy/pretraining/predictivity/early_small_by_transformation_goal_above_66_either.png	src/signal-and-noise/analysis/rq02_decision_accuracy/pretraining/predictivity/early_small_da_goal_by_transformation_above_66_either_mono_axis.png
R100	src/signal-and-noise/analysis/rq02_decision_accuracy/pretraining/predictivity/early_small_by_transformation_goal_above_80.csv	src/signal-and-noise/analysis/rq02_decision_accuracy/pretraining/predictivity/early_small_da_goal_by_transformation_above_80_mono_axis.csv
R100	src/signal-and-noise/analysis/rq02_decision_accuracy/pretraining/predictivity/early_small_by_transformation_goal_above_80.png	src/signal-and-noise/analysis/rq02_decision_accuracy/pretraining/predictivity/early_small_da_goal_by_transformation_above_80_mono_axis.png
R100	src/signal-and-noise/analysis/rq02_decision_accuracy/pretraining/predictivity/early_small_by_transformation_goal.csv	src/signal-and-noise/analysis/rq02_decision_accuracy/pretraining/predictivity/early_small_da_goal_by_transformation_mono_axis.csv
R100	src/signal-and-noise/analysis/rq02_decision_accuracy/pretraining/predictivity/early_small_by_transformation_goal.png	src/signal-and-noise/analysis/rq02_decision_accuracy/pretraining/predictivity/early_small_da_goal_by_transformation_mono_axis.png
R100	src/signal-and-noise/analysis/rq02_decision_accuracy/pretraining/predictivity/early_small.csv	src/signal-and-noise/analysis/rq02_decision_accuracy/pretraining/predictivity/early_small_da_goal_multi_axes.csv
R100	src/signal-and-noise/analysis/rq02_decision_accuracy/pretraining/predictivity/early_small.png	src/signal-and-noise/analysis/rq02_decision_accuracy/pretraining/predictivity/early_small_da_goal_multi_axes.png
R100	src/signal-and-noise/analysis/rq02_decision_accuracy/pretraining/predictivity/early_small_summary.csv	src/signal-and-noise/analysis/rq02_decision_accuracy/pretraining/predictivity/early_small_da_goal_summary_multi_axes.csv
R100	src/signal-and-noise/analysis/rq02_decision_accuracy/pretraining/predictivity/highlights.csv	src/signal-and-noise/analysis/rq02_decision_accuracy/pretraining/predictivity/highlights_da_all_multi_axes.csv
R100	src/signal-and-noise/analysis/rq02_decision_accuracy/pretraining/predictivity/highlights.png	src/signal-and-noise/analysis/rq02_decision_accuracy/pretraining/predictivity/highlights_da_all_multi_axes.png
R100	src/signal-and-noise/analysis/rq02_decision_accuracy/pretraining/predictivity/pairs_by_L.csv	src/signal-and-noise/analysis/rq02_decision_accuracy/pretraining/predictivity/pairs_da_all_by_L_mono_axis.csv
R100	src/signal-and-noise/analysis/rq02_decision_accuracy/pretraining/predictivity/pairs_by_L_multi_axes.csv	src/signal-and-noise/analysis/rq02_decision_accuracy/pretraining/predictivity/pairs_da_all_by_L_multi_axes.csv
R100	src/signal-and-noise/analysis/rq02_decision_accuracy/pretraining/predictivity/public_ladders.csv	src/signal-and-noise/analysis/rq02_decision_accuracy/pretraining/predictivity/public_ladders_da_size_multi_axes.csv
R100	src/signal-and-noise/analysis/rq02_decision_accuracy/pretraining/predictivity/public_ladders.png	src/signal-and-noise/analysis/rq02_decision_accuracy/pretraining/predictivity/public_ladders_da_size_multi_axes.png
R100	src/signal-and-noise/analysis/rq02_decision_accuracy/pretraining/predictivity/public_ladders_pairs.csv	src/signal-and-noise/analysis/rq02_decision_accuracy/pretraining/predictivity/public_ladders_da_size_pairs_multi_axes.csv
R100	src/signal-and-noise/analysis/rq02_decision_accuracy/pretraining/predictivity/reliability_by_language_tier.csv	src/signal-and-noise/analysis/rq02_decision_accuracy/pretraining/predictivity/reliability_da_size_by_language_tier_multi_axes.csv
R100	src/signal-and-noise/analysis/rq02_decision_accuracy/pretraining/predictivity/reliability_by_language_tier.png	src/signal-and-noise/analysis/rq02_decision_accuracy/pretraining/predictivity/reliability_da_size_by_language_tier_multi_axes.png
R100	src/signal-and-noise/analysis/rq02_decision_accuracy/pretraining/predictivity/reliability_vs_language_share.csv	src/signal-and-noise/analysis/rq02_decision_accuracy/pretraining/predictivity/reliability_da_size_vs_language_share_multi_axes.csv
R100	src/signal-and-noise/analysis/rq02_decision_accuracy/pretraining/predictivity/reliability_vs_language_share.png	src/signal-and-noise/analysis/rq02_decision_accuracy/pretraining/predictivity/reliability_da_size_vs_language_share_multi_axes.png
R100	src/signal-and-noise/analysis/rq02_decision_accuracy/pretraining/predictivity/rq2_above_66_both_mono_axis.csv	src/signal-and-noise/analysis/rq02_decision_accuracy/pretraining/predictivity/rq2_da_all_above_66_both_mono_axis.csv
R100	src/signal-and-noise/analysis/rq02_decision_accuracy/pretraining/predictivity/rq2_above_66_both_mono_axis.png	src/signal-and-noise/analysis/rq02_decision_accuracy/pretraining/predictivity/rq2_da_all_above_66_both_mono_axis.png
R100	src/signal-and-noise/analysis/rq02_decision_accuracy/pretraining/predictivity/rq2_above_66_both_mono_axis.svg	src/signal-and-noise/analysis/rq02_decision_accuracy/pretraining/predictivity/rq2_da_all_above_66_both_mono_axis.svg
R100	src/signal-and-noise/analysis/rq02_decision_accuracy/pretraining/predictivity/rq2_above_66_both_axes.csv	src/signal-and-noise/analysis/rq02_decision_accuracy/pretraining/predictivity/rq2_da_all_above_66_both_mono_vs_multi_axes.csv
R100	src/signal-and-noise/analysis/rq02_decision_accuracy/pretraining/predictivity/rq2_above_66_both_axes.png	src/signal-and-noise/analysis/rq02_decision_accuracy/pretraining/predictivity/rq2_da_all_above_66_both_mono_vs_multi_axes.png
R100	src/signal-and-noise/analysis/rq02_decision_accuracy/pretraining/predictivity/rq2_above_66_both.csv	src/signal-and-noise/analysis/rq02_decision_accuracy/pretraining/predictivity/rq2_da_all_above_66_both_multi_axes.csv
R100	src/signal-and-noise/analysis/rq02_decision_accuracy/pretraining/predictivity/rq2_above_66_both_multi_axes.png	src/signal-and-noise/analysis/rq02_decision_accuracy/pretraining/predictivity/rq2_da_all_above_66_both_multi_axes.png
R100	src/signal-and-noise/analysis/rq02_decision_accuracy/pretraining/predictivity/rq2_above_66_both_multi_axes.svg	src/signal-and-noise/analysis/rq02_decision_accuracy/pretraining/predictivity/rq2_da_all_above_66_both_multi_axes.svg
R100	src/signal-and-noise/analysis/rq02_decision_accuracy/pretraining/predictivity/rq2_above_66_both_transformation_mono_axis.csv	src/signal-and-noise/analysis/rq02_decision_accuracy/pretraining/predictivity/rq2_da_all_above_66_both_transformation_mono_axis.csv
R100	src/signal-and-noise/analysis/rq02_decision_accuracy/pretraining/predictivity/rq2_above_66_both_transformation_mono_axis.png	src/signal-and-noise/analysis/rq02_decision_accuracy/pretraining/predictivity/rq2_da_all_above_66_both_transformation_mono_axis.png
R100	src/signal-and-noise/analysis/rq02_decision_accuracy/pretraining/predictivity/rq2_above_66_both_transformation_mono_axis.svg	src/signal-and-noise/analysis/rq02_decision_accuracy/pretraining/predictivity/rq2_da_all_above_66_both_transformation_mono_axis.svg
R100	src/signal-and-noise/analysis/rq02_decision_accuracy/pretraining/predictivity/rq2_above_66_both_transformation_multi_axes.csv	src/signal-and-noise/analysis/rq02_decision_accuracy/pretraining/predictivity/rq2_da_all_above_66_both_transformation_multi_axes.csv
R100	src/signal-and-noise/analysis/rq02_decision_accuracy/pretraining/predictivity/rq2_above_66_both_transformation_multi_axes.png	src/signal-and-noise/analysis/rq02_decision_accuracy/pretraining/predictivity/rq2_da_all_above_66_both_transformation_multi_axes.png
R100	src/signal-and-noise/analysis/rq02_decision_accuracy/pretraining/predictivity/rq2_above_66_both_transformation_multi_axes.svg	src/signal-and-noise/analysis/rq02_decision_accuracy/pretraining/predictivity/rq2_da_all_above_66_both_transformation_multi_axes.svg
R100	src/signal-and-noise/analysis/rq02_decision_accuracy/pretraining/predictivity/rq2_above_66_either_transformation_mono_axis.csv	src/signal-and-noise/analysis/rq02_decision_accuracy/pretraining/predictivity/rq2_da_all_above_66_either_transformation_mono_axis.csv
R100	src/signal-and-noise/analysis/rq02_decision_accuracy/pretraining/predictivity/rq2_above_66_either_transformation_mono_axis.png	src/signal-and-noise/analysis/rq02_decision_accuracy/pretraining/predictivity/rq2_da_all_above_66_either_transformation_mono_axis.png
R100	src/signal-and-noise/analysis/rq02_decision_accuracy/pretraining/predictivity/rq2_above_66_either_transformation_mono_axis.svg	src/signal-and-noise/analysis/rq02_decision_accuracy/pretraining/predictivity/rq2_da_all_above_66_either_transformation_mono_axis.svg
R100	src/signal-and-noise/analysis/rq02_decision_accuracy/pretraining/predictivity/rq2_above_66_either_transformation_multi_axes.csv	src/signal-and-noise/analysis/rq02_decision_accuracy/pretraining/predictivity/rq2_da_all_above_66_either_transformation_multi_axes.csv
R100	src/signal-and-noise/analysis/rq02_decision_accuracy/pretraining/predictivity/rq2_above_66_either_transformation_multi_axes.png	src/signal-and-noise/analysis/rq02_decision_accuracy/pretraining/predictivity/rq2_da_all_above_66_either_transformation_multi_axes.png
R100	src/signal-and-noise/analysis/rq02_decision_accuracy/pretraining/predictivity/rq2_above_66_either_transformation_multi_axes.svg	src/signal-and-noise/analysis/rq02_decision_accuracy/pretraining/predictivity/rq2_da_all_above_66_either_transformation_multi_axes.svg
R100	src/signal-and-noise/analysis/rq02_decision_accuracy/pretraining/predictivity/rq2_above_66_one_mono_axis.csv	src/signal-and-noise/analysis/rq02_decision_accuracy/pretraining/predictivity/rq2_da_all_above_66_one_mono_axis.csv
R100	src/signal-and-noise/analysis/rq02_decision_accuracy/pretraining/predictivity/rq2_above_66_one_mono_axis.png	src/signal-and-noise/analysis/rq02_decision_accuracy/pretraining/predictivity/rq2_da_all_above_66_one_mono_axis.png
R100	src/signal-and-noise/analysis/rq02_decision_accuracy/pretraining/predictivity/rq2_above_66_one_mono_axis.svg	src/signal-and-noise/analysis/rq02_decision_accuracy/pretraining/predictivity/rq2_da_all_above_66_one_mono_axis.svg
R100	src/signal-and-noise/analysis/rq02_decision_accuracy/pretraining/predictivity/rq2_above_66_one_multi_axes.csv	src/signal-and-noise/analysis/rq02_decision_accuracy/pretraining/predictivity/rq2_da_all_above_66_one_multi_axes.csv
R100	src/signal-and-noise/analysis/rq02_decision_accuracy/pretraining/predictivity/rq2_above_66_one_multi_axes.png	src/signal-and-noise/analysis/rq02_decision_accuracy/pretraining/predictivity/rq2_da_all_above_66_one_multi_axes.png
R100	src/signal-and-noise/analysis/rq02_decision_accuracy/pretraining/predictivity/rq2_above_66_one_multi_axes.svg	src/signal-and-noise/analysis/rq02_decision_accuracy/pretraining/predictivity/rq2_da_all_above_66_one_multi_axes.svg
R100	src/signal-and-noise/analysis/rq02_decision_accuracy/pretraining/predictivity/rq2_above_80_mono_axis.csv	src/signal-and-noise/analysis/rq02_decision_accuracy/pretraining/predictivity/rq2_da_all_above_80_mono_axis.csv
R100	src/signal-and-noise/analysis/rq02_decision_accuracy/pretraining/predictivity/rq2_above_80_mono_axis.png	src/signal-and-noise/analysis/rq02_decision_accuracy/pretraining/predictivity/rq2_da_all_above_80_mono_axis.png
R100	src/signal-and-noise/analysis/rq02_decision_accuracy/pretraining/predictivity/rq2_above_80_mono_axis.svg	src/signal-and-noise/analysis/rq02_decision_accuracy/pretraining/predictivity/rq2_da_all_above_80_mono_axis.svg
R100	src/signal-and-noise/analysis/rq02_decision_accuracy/pretraining/predictivity/rq2_above_80.csv	src/signal-and-noise/analysis/rq02_decision_accuracy/pretraining/predictivity/rq2_da_all_above_80_multi_axes.csv
R100	src/signal-and-noise/analysis/rq02_decision_accuracy/pretraining/predictivity/rq2_above_80_multi_axes.png	src/signal-and-noise/analysis/rq02_decision_accuracy/pretraining/predictivity/rq2_da_all_above_80_multi_axes.png
R100	src/signal-and-noise/analysis/rq02_decision_accuracy/pretraining/predictivity/rq2_above_80_multi_axes.svg	src/signal-and-noise/analysis/rq02_decision_accuracy/pretraining/predictivity/rq2_da_all_above_80_multi_axes.svg
R100	src/signal-and-noise/analysis/rq02_decision_accuracy/pretraining/predictivity/rq2_mono_axis.csv	src/signal-and-noise/analysis/rq02_decision_accuracy/pretraining/predictivity/rq2_da_all_mono_axis.csv
R100	src/signal-and-noise/analysis/rq02_decision_accuracy/pretraining/predictivity/rq2_mono_axis.png	src/signal-and-noise/analysis/rq02_decision_accuracy/pretraining/predictivity/rq2_da_all_mono_axis.png
R100	src/signal-and-noise/analysis/rq02_decision_accuracy/pretraining/predictivity/rq2_mono_axis.svg	src/signal-and-noise/analysis/rq02_decision_accuracy/pretraining/predictivity/rq2_da_all_mono_axis.svg
R100	src/signal-and-noise/analysis/rq02_decision_accuracy/pretraining/predictivity/rq2.csv	src/signal-and-noise/analysis/rq02_decision_accuracy/pretraining/predictivity/rq2_da_all_multi_axes.csv
R100	src/signal-and-noise/analysis/rq02_decision_accuracy/pretraining/predictivity/rq2_multi_axes.png	src/signal-and-noise/analysis/rq02_decision_accuracy/pretraining/predictivity/rq2_da_all_multi_axes.png
R100	src/signal-and-noise/analysis/rq02_decision_accuracy/pretraining/predictivity/rq2_multi_axes.svg	src/signal-and-noise/analysis/rq02_decision_accuracy/pretraining/predictivity/rq2_da_all_multi_axes.svg
R100	src/signal-and-noise/analysis/rq02_decision_accuracy/pretraining/predictivity/rq2_ten_checkpoints.csv	src/signal-and-noise/analysis/rq02_decision_accuracy/pretraining/predictivity/rq2_da_goal_ten_checkpoints_multi_axes.csv
R100	src/signal-and-noise/analysis/rq02_decision_accuracy/pretraining/predictivity/rq2_ten_checkpoints.png	src/signal-and-noise/analysis/rq02_decision_accuracy/pretraining/predictivity/rq2_da_goal_ten_checkpoints_multi_axes.png
R100	src/signal-and-noise/analysis/rq02_decision_accuracy/pretraining/predictivity/rq2_ten_checkpoints.svg	src/signal-and-noise/analysis/rq02_decision_accuracy/pretraining/predictivity/rq2_da_goal_ten_checkpoints_multi_axes.svg
R100	src/signal-and-noise/analysis/rq02_decision_accuracy/pretraining/predictivity/safe_checkpoint.csv	src/signal-and-noise/analysis/rq02_decision_accuracy/pretraining/predictivity/safe_checkpoint_da_ckpt_multi_axes.csv
R100	src/signal-and-noise/analysis/rq02_decision_accuracy/pretraining/predictivity/safe_checkpoint.png	src/signal-and-noise/analysis/rq02_decision_accuracy/pretraining/predictivity/safe_checkpoint_da_ckpt_multi_axes.png
R100	src/signal-and-noise/analysis/rq02_decision_accuracy/pretraining/predictivity/safe_flops.csv	src/signal-and-noise/analysis/rq02_decision_accuracy/pretraining/predictivity/safe_flops_da_goal_multi_axes.csv
R100	src/signal-and-noise/analysis/rq02_decision_accuracy/pretraining/predictivity/safe_flops.png	src/signal-and-noise/analysis/rq02_decision_accuracy/pretraining/predictivity/safe_flops_da_goal_multi_axes.png
R100	src/signal-and-noise/analysis/rq02_decision_accuracy/pretraining/predictivity/safe_size.csv	src/signal-and-noise/analysis/rq02_decision_accuracy/pretraining/predictivity/safe_size_da_size_multi_axes.csv
R100	src/signal-and-noise/analysis/rq02_decision_accuracy/pretraining/predictivity/safe_size.png	src/signal-and-noise/analysis/rq02_decision_accuracy/pretraining/predictivity/safe_size_da_size_multi_axes.png
R100	src/signal-and-noise/analysis/rq02_decision_accuracy/pretraining/predictivity/scale_convergence_L8_above_66_both.csv	src/signal-and-noise/analysis/rq02_decision_accuracy/pretraining/predictivity/scale_convergence_da_size_L8_above_66_both_multi_axes.csv
R100	src/signal-and-noise/analysis/rq02_decision_accuracy/pretraining/predictivity/scale_convergence_L8_above_66_both_multi_axes.png	src/signal-and-noise/analysis/rq02_decision_accuracy/pretraining/predictivity/scale_convergence_da_size_L8_above_66_both_multi_axes.png
R100	src/signal-and-noise/analysis/rq02_decision_accuracy/pretraining/predictivity/scale_convergence_L8_above_66_both_flops.csv	src/signal-and-noise/analysis/rq02_decision_accuracy/pretraining/predictivity/scale_convergence_da_size_L8_above_66_both_multi_axes_flops.csv
R100	src/signal-and-noise/analysis/rq02_decision_accuracy/pretraining/predictivity/scale_convergence_L8_above_66_both_multi_axes_flops.png	src/signal-and-noise/analysis/rq02_decision_accuracy/pretraining/predictivity/scale_convergence_da_size_L8_above_66_both_multi_axes_flops.png
R100	src/signal-and-noise/analysis/rq02_decision_accuracy/pretraining/predictivity/scale_convergence_L8_above_66_size.csv	src/signal-and-noise/analysis/rq02_decision_accuracy/pretraining/predictivity/scale_convergence_da_size_L8_above_66_size_multi_axes.csv
R100	src/signal-and-noise/analysis/rq02_decision_accuracy/pretraining/predictivity/scale_convergence_L8_above_66_size_multi_axes.png	src/signal-and-noise/analysis/rq02_decision_accuracy/pretraining/predictivity/scale_convergence_da_size_L8_above_66_size_multi_axes.png
R100	src/signal-and-noise/analysis/rq02_decision_accuracy/pretraining/predictivity/scale_convergence_L8_above_66_size_flops.csv	src/signal-and-noise/analysis/rq02_decision_accuracy/pretraining/predictivity/scale_convergence_da_size_L8_above_66_size_multi_axes_flops.csv
R100	src/signal-and-noise/analysis/rq02_decision_accuracy/pretraining/predictivity/scale_convergence_L8_above_66_size_multi_axes_flops.png	src/signal-and-noise/analysis/rq02_decision_accuracy/pretraining/predictivity/scale_convergence_da_size_L8_above_66_size_multi_axes_flops.png
R100	src/signal-and-noise/analysis/rq02_decision_accuracy/pretraining/predictivity/scale_convergence_L8_above_80.csv	src/signal-and-noise/analysis/rq02_decision_accuracy/pretraining/predictivity/scale_convergence_da_size_L8_above_80_multi_axes.csv
R100	src/signal-and-noise/analysis/rq02_decision_accuracy/pretraining/predictivity/scale_convergence_L8_above_80_multi_axes.png	src/signal-and-noise/analysis/rq02_decision_accuracy/pretraining/predictivity/scale_convergence_da_size_L8_above_80_multi_axes.png
R100	src/signal-and-noise/analysis/rq02_decision_accuracy/pretraining/predictivity/scale_convergence_L8.csv	src/signal-and-noise/analysis/rq02_decision_accuracy/pretraining/predictivity/scale_convergence_da_size_L8_multi_axes.csv
R100	src/signal-and-noise/analysis/rq02_decision_accuracy/pretraining/predictivity/scale_convergence_L8_multi_axes.png	src/signal-and-noise/analysis/rq02_decision_accuracy/pretraining/predictivity/scale_convergence_da_size_L8_multi_axes.png
R100	src/signal-and-noise/analysis/rq02_decision_accuracy/pretraining/predictivity/scale_convergence_L8common_above_66_both.csv	src/signal-and-noise/analysis/rq02_decision_accuracy/pretraining/predictivity/scale_convergence_da_size_L8common_above_66_both_multi_axes.csv
R100	src/signal-and-noise/analysis/rq02_decision_accuracy/pretraining/predictivity/scale_convergence_L8common_above_66_both_multi_axes.png	src/signal-and-noise/analysis/rq02_decision_accuracy/pretraining/predictivity/scale_convergence_da_size_L8common_above_66_both_multi_axes.png
R100	src/signal-and-noise/analysis/rq02_decision_accuracy/pretraining/predictivity/scale_convergence_L8common_above_66_both_flops.csv	src/signal-and-noise/analysis/rq02_decision_accuracy/pretraining/predictivity/scale_convergence_da_size_L8common_above_66_both_multi_axes_flops.csv
R100	src/signal-and-noise/analysis/rq02_decision_accuracy/pretraining/predictivity/scale_convergence_L8common_above_66_both_multi_axes_flops.png	src/signal-and-noise/analysis/rq02_decision_accuracy/pretraining/predictivity/scale_convergence_da_size_L8common_above_66_both_multi_axes_flops.png
R100	src/signal-and-noise/analysis/rq02_decision_accuracy/pretraining/predictivity/scale_convergence_L8common_above_66_both_multi_axes.csv	src/signal-and-noise/analysis/rq02_decision_accuracy/pretraining/predictivity/scale_convergence_da_size_L8common_above_66_size_multi_axes.csv
R100	src/signal-and-noise/analysis/rq02_decision_accuracy/pretraining/predictivity/scale_convergence_L8common_above_66_size_multi_axes.png	src/signal-and-noise/analysis/rq02_decision_accuracy/pretraining/predictivity/scale_convergence_da_size_L8common_above_66_size_multi_axes.png
R100	src/signal-and-noise/analysis/rq02_decision_accuracy/pretraining/predictivity/scale_convergence_L8common_above_66_both_multi_axes_flops.csv	src/signal-and-noise/analysis/rq02_decision_accuracy/pretraining/predictivity/scale_convergence_da_size_L8common_above_66_size_multi_axes_flops.csv
R100	src/signal-and-noise/analysis/rq02_decision_accuracy/pretraining/predictivity/scale_convergence_L8common_above_66_size_multi_axes_flops.png	src/signal-and-noise/analysis/rq02_decision_accuracy/pretraining/predictivity/scale_convergence_da_size_L8common_above_66_size_multi_axes_flops.png
R100	src/signal-and-noise/analysis/rq02_decision_accuracy/pretraining/predictivity/scale_convergence_L8common_above_80.csv	src/signal-and-noise/analysis/rq02_decision_accuracy/pretraining/predictivity/scale_convergence_da_size_L8common_above_80_multi_axes.csv
R100	src/signal-and-noise/analysis/rq02_decision_accuracy/pretraining/predictivity/scale_convergence_L8common_above_80_multi_axes.png	src/signal-and-noise/analysis/rq02_decision_accuracy/pretraining/predictivity/scale_convergence_da_size_L8common_above_80_multi_axes.png
R100	src/signal-and-noise/analysis/rq02_decision_accuracy/pretraining/predictivity/scale_convergence_L8common.csv	src/signal-and-noise/analysis/rq02_decision_accuracy/pretraining/predictivity/scale_convergence_da_size_L8common_multi_axes.csv
R100	src/signal-and-noise/analysis/rq02_decision_accuracy/pretraining/predictivity/scale_convergence_L8common_multi_axes.png	src/signal-and-noise/analysis/rq02_decision_accuracy/pretraining/predictivity/scale_convergence_da_size_L8common_multi_axes.png
R100	src/signal-and-noise/analysis/rq02_decision_accuracy/pretraining/predictivity/scale_convergence_L_above_66_both_mono_axis.csv	src/signal-and-noise/analysis/rq02_decision_accuracy/pretraining/predictivity/scale_convergence_da_size_L_above_66_both_mono_axis.csv
R100	src/signal-and-noise/analysis/rq02_decision_accuracy/pretraining/predictivity/scale_convergence_L_above_66_both_mono_axis.png	src/signal-and-noise/analysis/rq02_decision_accuracy/pretraining/predictivity/scale_convergence_da_size_L_above_66_both_mono_axis.png
R100	src/signal-and-noise/analysis/rq02_decision_accuracy/pretraining/predictivity/scale_convergence_L_above_66_both_mono_axis_flops.csv	src/signal-and-noise/analysis/rq02_decision_accuracy/pretraining/predictivity/scale_convergence_da_size_L_above_66_both_mono_axis_flops.csv
R100	src/signal-and-noise/analysis/rq02_decision_accuracy/pretraining/predictivity/scale_convergence_L_above_66_both_mono_axis_flops.png	src/signal-and-noise/analysis/rq02_decision_accuracy/pretraining/predictivity/scale_convergence_da_size_L_above_66_both_mono_axis_flops.png
R100	src/signal-and-noise/analysis/rq02_decision_accuracy/pretraining/predictivity/scale_convergence_L_above_66_both.csv	src/signal-and-noise/analysis/rq02_decision_accuracy/pretraining/predictivity/scale_convergence_da_size_L_above_66_both_multi_axes.csv
R100	src/signal-and-noise/analysis/rq02_decision_accuracy/pretraining/predictivity/scale_convergence_L_above_66_both_multi_axes.png	src/signal-and-noise/analysis/rq02_decision_accuracy/pretraining/predictivity/scale_convergence_da_size_L_above_66_both_multi_axes.png
R100	src/signal-and-noise/analysis/rq02_decision_accuracy/pretraining/predictivity/scale_convergence_L_above_66_both_flops.csv	src/signal-and-noise/analysis/rq02_decision_accuracy/pretraining/predictivity/scale_convergence_da_size_L_above_66_both_multi_axes_flops.csv
R100	src/signal-and-noise/analysis/rq02_decision_accuracy/pretraining/predictivity/scale_convergence_L_above_66_both_multi_axes_flops.png	src/signal-and-noise/analysis/rq02_decision_accuracy/pretraining/predictivity/scale_convergence_da_size_L_above_66_both_multi_axes_flops.png
R100	src/signal-and-noise/analysis/rq02_decision_accuracy/pretraining/predictivity/scale_convergence_L_above_66_size_mono_axis.csv	src/signal-and-noise/analysis/rq02_decision_accuracy/pretraining/predictivity/scale_convergence_da_size_L_above_66_size_mono_axis.csv
R100	src/signal-and-noise/analysis/rq02_decision_accuracy/pretraining/predictivity/scale_convergence_L_above_66_size_mono_axis.png	src/signal-and-noise/analysis/rq02_decision_accuracy/pretraining/predictivity/scale_convergence_da_size_L_above_66_size_mono_axis.png
R100	src/signal-and-noise/analysis/rq02_decision_accuracy/pretraining/predictivity/scale_convergence_L_above_66_size_mono_axis_flops.csv	src/signal-and-noise/analysis/rq02_decision_accuracy/pretraining/predictivity/scale_convergence_da_size_L_above_66_size_mono_axis_flops.csv
R100	src/signal-and-noise/analysis/rq02_decision_accuracy/pretraining/predictivity/scale_convergence_L_above_66_size_mono_axis_flops.png	src/signal-and-noise/analysis/rq02_decision_accuracy/pretraining/predictivity/scale_convergence_da_size_L_above_66_size_mono_axis_flops.png
R100	src/signal-and-noise/analysis/rq02_decision_accuracy/pretraining/predictivity/scale_convergence_L_above_66_size.csv	src/signal-and-noise/analysis/rq02_decision_accuracy/pretraining/predictivity/scale_convergence_da_size_L_above_66_size_multi_axes.csv
R100	src/signal-and-noise/analysis/rq02_decision_accuracy/pretraining/predictivity/scale_convergence_L_above_66_size_multi_axes.png	src/signal-and-noise/analysis/rq02_decision_accuracy/pretraining/predictivity/scale_convergence_da_size_L_above_66_size_multi_axes.png
R100	src/signal-and-noise/analysis/rq02_decision_accuracy/pretraining/predictivity/scale_convergence_L_above_66_size_flops.csv	src/signal-and-noise/analysis/rq02_decision_accuracy/pretraining/predictivity/scale_convergence_da_size_L_above_66_size_multi_axes_flops.csv
R100	src/signal-and-noise/analysis/rq02_decision_accuracy/pretraining/predictivity/scale_convergence_L_above_66_size_multi_axes_flops.png	src/signal-and-noise/analysis/rq02_decision_accuracy/pretraining/predictivity/scale_convergence_da_size_L_above_66_size_multi_axes_flops.png
R100	src/signal-and-noise/analysis/rq02_decision_accuracy/pretraining/predictivity/scale_convergence_L_above_80_mono_axis.csv	src/signal-and-noise/analysis/rq02_decision_accuracy/pretraining/predictivity/scale_convergence_da_size_L_above_80_mono_axis.csv
R100	src/signal-and-noise/analysis/rq02_decision_accuracy/pretraining/predictivity/scale_convergence_L_above_80_mono_axis.png	src/signal-and-noise/analysis/rq02_decision_accuracy/pretraining/predictivity/scale_convergence_da_size_L_above_80_mono_axis.png
R100	src/signal-and-noise/analysis/rq02_decision_accuracy/pretraining/predictivity/scale_convergence_L_above_80.csv	src/signal-and-noise/analysis/rq02_decision_accuracy/pretraining/predictivity/scale_convergence_da_size_L_above_80_multi_axes.csv
R100	src/signal-and-noise/analysis/rq02_decision_accuracy/pretraining/predictivity/scale_convergence_L_above_80_multi_axes.png	src/signal-and-noise/analysis/rq02_decision_accuracy/pretraining/predictivity/scale_convergence_da_size_L_above_80_multi_axes.png
R100	src/signal-and-noise/analysis/rq02_decision_accuracy/pretraining/predictivity/scale_convergence_L_mono_axis.csv	src/signal-and-noise/analysis/rq02_decision_accuracy/pretraining/predictivity/scale_convergence_da_size_L_mono_axis.csv
R100	src/signal-and-noise/analysis/rq02_decision_accuracy/pretraining/predictivity/scale_convergence_L_mono_axis.png	src/signal-and-noise/analysis/rq02_decision_accuracy/pretraining/predictivity/scale_convergence_da_size_L_mono_axis.png
R100	src/signal-and-noise/analysis/rq02_decision_accuracy/pretraining/predictivity/scale_convergence_L.csv	src/signal-and-noise/analysis/rq02_decision_accuracy/pretraining/predictivity/scale_convergence_da_size_L_multi_axes.csv
R100	src/signal-and-noise/analysis/rq02_decision_accuracy/pretraining/predictivity/scale_convergence_L_multi_axes.png	src/signal-and-noise/analysis/rq02_decision_accuracy/pretraining/predictivity/scale_convergence_da_size_L_multi_axes.png
R100	src/signal-and-noise/analysis/rq02_decision_accuracy/pretraining/predictivity/scale_convergence_above_66_both_mono_axis.csv	src/signal-and-noise/analysis/rq02_decision_accuracy/pretraining/predictivity/scale_convergence_da_size_above_66_both_mono_axis.csv
R100	src/signal-and-noise/analysis/rq02_decision_accuracy/pretraining/predictivity/scale_convergence_above_66_both_mono_axis.png	src/signal-and-noise/analysis/rq02_decision_accuracy/pretraining/predictivity/scale_convergence_da_size_above_66_both_mono_axis.png
R100	src/signal-and-noise/analysis/rq02_decision_accuracy/pretraining/predictivity/scale_convergence_above_66_both_mono_axis_flops.csv	src/signal-and-noise/analysis/rq02_decision_accuracy/pretraining/predictivity/scale_convergence_da_size_above_66_both_mono_axis_flops.csv
R100	src/signal-and-noise/analysis/rq02_decision_accuracy/pretraining/predictivity/scale_convergence_above_66_both_mono_axis_flops.png	src/signal-and-noise/analysis/rq02_decision_accuracy/pretraining/predictivity/scale_convergence_da_size_above_66_both_mono_axis_flops.png
R100	src/signal-and-noise/analysis/rq02_decision_accuracy/pretraining/predictivity/scale_convergence_above_66_both.csv	src/signal-and-noise/analysis/rq02_decision_accuracy/pretraining/predictivity/scale_convergence_da_size_above_66_both_multi_axes.csv
R100	src/signal-and-noise/analysis/rq02_decision_accuracy/pretraining/predictivity/scale_convergence_above_66_both_multi_axes.png	src/signal-and-noise/analysis/rq02_decision_accuracy/pretraining/predictivity/scale_convergence_da_size_above_66_both_multi_axes.png
R100	src/signal-and-noise/analysis/rq02_decision_accuracy/pretraining/predictivity/scale_convergence_above_66_both_flops.csv	src/signal-and-noise/analysis/rq02_decision_accuracy/pretraining/predictivity/scale_convergence_da_size_above_66_both_multi_axes_flops.csv
R100	src/signal-and-noise/analysis/rq02_decision_accuracy/pretraining/predictivity/scale_convergence_above_66_both_multi_axes_flops.png	src/signal-and-noise/analysis/rq02_decision_accuracy/pretraining/predictivity/scale_convergence_da_size_above_66_both_multi_axes_flops.png
R100	src/signal-and-noise/analysis/rq02_decision_accuracy/pretraining/predictivity/scale_convergence_above_66_size_mono_axis.csv	src/signal-and-noise/analysis/rq02_decision_accuracy/pretraining/predictivity/scale_convergence_da_size_above_66_size_mono_axis.csv
R100	src/signal-and-noise/analysis/rq02_decision_accuracy/pretraining/predictivity/scale_convergence_above_66_size_mono_axis.png	src/signal-and-noise/analysis/rq02_decision_accuracy/pretraining/predictivity/scale_convergence_da_size_above_66_size_mono_axis.png
R100	src/signal-and-noise/analysis/rq02_decision_accuracy/pretraining/predictivity/scale_convergence_above_66_size_mono_axis_flops.csv	src/signal-and-noise/analysis/rq02_decision_accuracy/pretraining/predictivity/scale_convergence_da_size_above_66_size_mono_axis_flops.csv
R100	src/signal-and-noise/analysis/rq02_decision_accuracy/pretraining/predictivity/scale_convergence_above_66_size_mono_axis_flops.png	src/signal-and-noise/analysis/rq02_decision_accuracy/pretraining/predictivity/scale_convergence_da_size_above_66_size_mono_axis_flops.png
R100	src/signal-and-noise/analysis/rq02_decision_accuracy/pretraining/predictivity/scale_convergence_above_66_size.csv	src/signal-and-noise/analysis/rq02_decision_accuracy/pretraining/predictivity/scale_convergence_da_size_above_66_size_multi_axes.csv
R100	src/signal-and-noise/analysis/rq02_decision_accuracy/pretraining/predictivity/scale_convergence_above_66_size_multi_axes.png	src/signal-and-noise/analysis/rq02_decision_accuracy/pretraining/predictivity/scale_convergence_da_size_above_66_size_multi_axes.png
R100	src/signal-and-noise/analysis/rq02_decision_accuracy/pretraining/predictivity/scale_convergence_above_66_size_flops.csv	src/signal-and-noise/analysis/rq02_decision_accuracy/pretraining/predictivity/scale_convergence_da_size_above_66_size_multi_axes_flops.csv
R100	src/signal-and-noise/analysis/rq02_decision_accuracy/pretraining/predictivity/scale_convergence_above_66_size_multi_axes_flops.png	src/signal-and-noise/analysis/rq02_decision_accuracy/pretraining/predictivity/scale_convergence_da_size_above_66_size_multi_axes_flops.png
R100	src/signal-and-noise/analysis/rq02_decision_accuracy/pretraining/predictivity/scale_convergence_above_80_mono_axis.csv	src/signal-and-noise/analysis/rq02_decision_accuracy/pretraining/predictivity/scale_convergence_da_size_above_80_mono_axis.csv
R100	src/signal-and-noise/analysis/rq02_decision_accuracy/pretraining/predictivity/scale_convergence_above_80_mono_axis.png	src/signal-and-noise/analysis/rq02_decision_accuracy/pretraining/predictivity/scale_convergence_da_size_above_80_mono_axis.png
R100	src/signal-and-noise/analysis/rq02_decision_accuracy/pretraining/predictivity/scale_convergence_above_80.csv	src/signal-and-noise/analysis/rq02_decision_accuracy/pretraining/predictivity/scale_convergence_da_size_above_80_multi_axes.csv
R100	src/signal-and-noise/analysis/rq02_decision_accuracy/pretraining/predictivity/scale_convergence_above_80_multi_axes.png	src/signal-and-noise/analysis/rq02_decision_accuracy/pretraining/predictivity/scale_convergence_da_size_above_80_multi_axes.png
R100	src/signal-and-noise/analysis/rq02_decision_accuracy/pretraining/predictivity/scale_convergence_lang_above_66_size_multi_axes.csv	src/signal-and-noise/analysis/rq02_decision_accuracy/pretraining/predictivity/scale_convergence_da_size_lang_above_66_size_multi_axes.csv
R100	src/signal-and-noise/analysis/rq02_decision_accuracy/pretraining/predictivity/scale_convergence_lang_above_66_size_multi_axes.png	src/signal-and-noise/analysis/rq02_decision_accuracy/pretraining/predictivity/scale_convergence_da_size_lang_above_66_size_multi_axes.png
R100	src/signal-and-noise/analysis/rq02_decision_accuracy/pretraining/predictivity/scale_convergence_lang_above_66_size_coverage.csv	src/signal-and-noise/analysis/rq02_decision_accuracy/pretraining/predictivity/scale_convergence_da_size_lang_above_66_size_multi_axes_coverage.csv
R100	src/signal-and-noise/analysis/rq02_decision_accuracy/pretraining/predictivity/scale_convergence_lang_above_66_size_multi_axes_tokens.csv	src/signal-and-noise/analysis/rq02_decision_accuracy/pretraining/predictivity/scale_convergence_da_size_lang_above_66_size_multi_axes_tokens.csv
R100	src/signal-and-noise/analysis/rq02_decision_accuracy/pretraining/predictivity/scale_convergence_lang_above_66_size_multi_axes_tokens.png	src/signal-and-noise/analysis/rq02_decision_accuracy/pretraining/predictivity/scale_convergence_da_size_lang_above_66_size_multi_axes_tokens.png
R100	src/signal-and-noise/analysis/rq02_decision_accuracy/pretraining/predictivity/scale_convergence_lang_all_multi_axes.csv	src/signal-and-noise/analysis/rq02_decision_accuracy/pretraining/predictivity/scale_convergence_da_size_lang_all_multi_axes.csv
R100	src/signal-and-noise/analysis/rq02_decision_accuracy/pretraining/predictivity/scale_convergence_lang_all_multi_axes.png	src/signal-and-noise/analysis/rq02_decision_accuracy/pretraining/predictivity/scale_convergence_da_size_lang_all_multi_axes.png
R100	src/signal-and-noise/analysis/rq02_decision_accuracy/pretraining/predictivity/scale_convergence_lang_all_coverage.csv	src/signal-and-noise/analysis/rq02_decision_accuracy/pretraining/predictivity/scale_convergence_da_size_lang_all_multi_axes_coverage.csv
R100	src/signal-and-noise/analysis/rq02_decision_accuracy/pretraining/predictivity/scale_convergence_lang_all_multi_axes_tokens.csv	src/signal-and-noise/analysis/rq02_decision_accuracy/pretraining/predictivity/scale_convergence_da_size_lang_all_multi_axes_tokens.csv
R100	src/signal-and-noise/analysis/rq02_decision_accuracy/pretraining/predictivity/scale_convergence_lang_all_multi_axes_tokens.png	src/signal-and-noise/analysis/rq02_decision_accuracy/pretraining/predictivity/scale_convergence_da_size_lang_all_multi_axes_tokens.png
R100	src/signal-and-noise/analysis/rq02_decision_accuracy/pretraining/predictivity/scale_convergence_mono_axis.csv	src/signal-and-noise/analysis/rq02_decision_accuracy/pretraining/predictivity/scale_convergence_da_size_mono_axis.csv
R100	src/signal-and-noise/analysis/rq02_decision_accuracy/pretraining/predictivity/scale_convergence_mono_axis.png	src/signal-and-noise/analysis/rq02_decision_accuracy/pretraining/predictivity/scale_convergence_da_size_mono_axis.png
R100	src/signal-and-noise/analysis/rq02_decision_accuracy/pretraining/predictivity/scale_convergence.csv	src/signal-and-noise/analysis/rq02_decision_accuracy/pretraining/predictivity/scale_convergence_da_size_multi_axes.csv
R100	src/signal-and-noise/analysis/rq02_decision_accuracy/pretraining/predictivity/scale_convergence_multi_axes.png	src/signal-and-noise/analysis/rq02_decision_accuracy/pretraining/predictivity/scale_convergence_da_size_multi_axes.png
R100	src/signal-and-noise/analysis/rq02_decision_accuracy/pretraining/predictivity/scale_convergence_transformation_above_66_both_mono_axis.csv	src/signal-and-noise/analysis/rq02_decision_accuracy/pretraining/predictivity/scale_convergence_da_size_transformation_above_66_both_mono_axis.csv
R100	src/signal-and-noise/analysis/rq02_decision_accuracy/pretraining/predictivity/scale_convergence_transformation_above_66_both_mono_axis.png	src/signal-and-noise/analysis/rq02_decision_accuracy/pretraining/predictivity/scale_convergence_da_size_transformation_above_66_both_mono_axis.png
R100	src/signal-and-noise/analysis/rq02_decision_accuracy/pretraining/predictivity/scale_convergence_transformation_above_66_both_mono_axis_flops.csv	src/signal-and-noise/analysis/rq02_decision_accuracy/pretraining/predictivity/scale_convergence_da_size_transformation_above_66_both_mono_axis_flops.csv
R100	src/signal-and-noise/analysis/rq02_decision_accuracy/pretraining/predictivity/scale_convergence_transformation_above_66_both_mono_axis_flops.png	src/signal-and-noise/analysis/rq02_decision_accuracy/pretraining/predictivity/scale_convergence_da_size_transformation_above_66_both_mono_axis_flops.png
R100	src/signal-and-noise/analysis/rq02_decision_accuracy/pretraining/predictivity/scale_convergence_transformation_above_66_both.csv	src/signal-and-noise/analysis/rq02_decision_accuracy/pretraining/predictivity/scale_convergence_da_size_transformation_above_66_both_multi_axes.csv
R100	src/signal-and-noise/analysis/rq02_decision_accuracy/pretraining/predictivity/scale_convergence_transformation_above_66_both_multi_axes.png	src/signal-and-noise/analysis/rq02_decision_accuracy/pretraining/predictivity/scale_convergence_da_size_transformation_above_66_both_multi_axes.png
R100	src/signal-and-noise/analysis/rq02_decision_accuracy/pretraining/predictivity/scale_convergence_transformation_above_66_both_flops.csv	src/signal-and-noise/analysis/rq02_decision_accuracy/pretraining/predictivity/scale_convergence_da_size_transformation_above_66_both_multi_axes_flops.csv
R100	src/signal-and-noise/analysis/rq02_decision_accuracy/pretraining/predictivity/scale_convergence_transformation_above_66_both_multi_axes_flops.png	src/signal-and-noise/analysis/rq02_decision_accuracy/pretraining/predictivity/scale_convergence_da_size_transformation_above_66_both_multi_axes_flops.png
R100	src/signal-and-noise/analysis/rq02_decision_accuracy/pretraining/predictivity/scale_convergence_transformation_above_66_size_mono_axis.csv	src/signal-and-noise/analysis/rq02_decision_accuracy/pretraining/predictivity/scale_convergence_da_size_transformation_above_66_size_mono_axis.csv
R100	src/signal-and-noise/analysis/rq02_decision_accuracy/pretraining/predictivity/scale_convergence_transformation_above_66_size_mono_axis.png	src/signal-and-noise/analysis/rq02_decision_accuracy/pretraining/predictivity/scale_convergence_da_size_transformation_above_66_size_mono_axis.png
R100	src/signal-and-noise/analysis/rq02_decision_accuracy/pretraining/predictivity/scale_convergence_transformation_above_66_size_mono_axis_flops.csv	src/signal-and-noise/analysis/rq02_decision_accuracy/pretraining/predictivity/scale_convergence_da_size_transformation_above_66_size_mono_axis_flops.csv
R100	src/signal-and-noise/analysis/rq02_decision_accuracy/pretraining/predictivity/scale_convergence_transformation_above_66_size_mono_axis_flops.png	src/signal-and-noise/analysis/rq02_decision_accuracy/pretraining/predictivity/scale_convergence_da_size_transformation_above_66_size_mono_axis_flops.png
R100	src/signal-and-noise/analysis/rq02_decision_accuracy/pretraining/predictivity/scale_convergence_transformation_above_66_size.csv	src/signal-and-noise/analysis/rq02_decision_accuracy/pretraining/predictivity/scale_convergence_da_size_transformation_above_66_size_multi_axes.csv
R100	src/signal-and-noise/analysis/rq02_decision_accuracy/pretraining/predictivity/scale_convergence_transformation_above_66_size_multi_axes.png	src/signal-and-noise/analysis/rq02_decision_accuracy/pretraining/predictivity/scale_convergence_da_size_transformation_above_66_size_multi_axes.png
R100	src/signal-and-noise/analysis/rq02_decision_accuracy/pretraining/predictivity/scale_convergence_transformation_above_66_size_flops.csv	src/signal-and-noise/analysis/rq02_decision_accuracy/pretraining/predictivity/scale_convergence_da_size_transformation_above_66_size_multi_axes_flops.csv
R100	src/signal-and-noise/analysis/rq02_decision_accuracy/pretraining/predictivity/scale_convergence_transformation_above_66_size_multi_axes_flops.png	src/signal-and-noise/analysis/rq02_decision_accuracy/pretraining/predictivity/scale_convergence_da_size_transformation_above_66_size_multi_axes_flops.png
R100	src/signal-and-noise/analysis/rq02_decision_accuracy/pretraining/predictivity/scale_convergence_transformation_above_80_mono_axis.csv	src/signal-and-noise/analysis/rq02_decision_accuracy/pretraining/predictivity/scale_convergence_da_size_transformation_above_80_mono_axis.csv
R100	src/signal-and-noise/analysis/rq02_decision_accuracy/pretraining/predictivity/scale_convergence_transformation_above_80_mono_axis.png	src/signal-and-noise/analysis/rq02_decision_accuracy/pretraining/predictivity/scale_convergence_da_size_transformation_above_80_mono_axis.png
R100	src/signal-and-noise/analysis/rq02_decision_accuracy/pretraining/predictivity/scale_convergence_transformation_above_80.csv	src/signal-and-noise/analysis/rq02_decision_accuracy/pretraining/predictivity/scale_convergence_da_size_transformation_above_80_multi_axes.csv
R100	src/signal-and-noise/analysis/rq02_decision_accuracy/pretraining/predictivity/scale_convergence_transformation_above_80_multi_axes.png	src/signal-and-noise/analysis/rq02_decision_accuracy/pretraining/predictivity/scale_convergence_da_size_transformation_above_80_multi_axes.png
R100	src/signal-and-noise/analysis/rq02_decision_accuracy/pretraining/predictivity/scale_convergence_transformation_mono_axis.csv	src/signal-and-noise/analysis/rq02_decision_accuracy/pretraining/predictivity/scale_convergence_da_size_transformation_mono_axis.csv
R100	src/signal-and-noise/analysis/rq02_decision_accuracy/pretraining/predictivity/scale_convergence_transformation_mono_axis.png	src/signal-and-noise/analysis/rq02_decision_accuracy/pretraining/predictivity/scale_convergence_da_size_transformation_mono_axis.png
R100	src/signal-and-noise/analysis/rq02_decision_accuracy/pretraining/predictivity/scale_convergence_transformation.csv	src/signal-and-noise/analysis/rq02_decision_accuracy/pretraining/predictivity/scale_convergence_da_size_transformation_multi_axes.csv
R100	src/signal-and-noise/analysis/rq02_decision_accuracy/pretraining/predictivity/scale_convergence_transformation_multi_axes.png	src/signal-and-noise/analysis/rq02_decision_accuracy/pretraining/predictivity/scale_convergence_da_size_transformation_multi_axes.png
R100	src/signal-and-noise/analysis/rq02_decision_accuracy/pretraining/predictivity/scale_convergence_transformation_above_66_both_one_axis.csv	src/signal-and-noise/analysis/rq02_decision_accuracy/pretraining/predictivity/scale_convergence_da_size_transformation_panels_above_66_both_mono_axis.csv
R100	src/signal-and-noise/analysis/rq02_decision_accuracy/pretraining/predictivity/scale_convergence_transformation_panels_above_66_both_mono_axis.png	src/signal-and-noise/analysis/rq02_decision_accuracy/pretraining/predictivity/scale_convergence_da_size_transformation_panels_above_66_both_mono_axis.png
R100	src/signal-and-noise/analysis/rq02_decision_accuracy/pretraining/predictivity/scale_convergence_transformation_above_66_both_one_axis_flops.csv	src/signal-and-noise/analysis/rq02_decision_accuracy/pretraining/predictivity/scale_convergence_da_size_transformation_panels_above_66_both_mono_axis_flops.csv
R100	src/signal-and-noise/analysis/rq02_decision_accuracy/pretraining/predictivity/scale_convergence_transformation_panels_above_66_both_mono_axis_flops.png	src/signal-and-noise/analysis/rq02_decision_accuracy/pretraining/predictivity/scale_convergence_da_size_transformation_panels_above_66_both_mono_axis_flops.png
R100	src/signal-and-noise/analysis/rq02_decision_accuracy/pretraining/predictivity/scale_convergence_transformation_above_66_both_multi_axes.csv	src/signal-and-noise/analysis/rq02_decision_accuracy/pretraining/predictivity/scale_convergence_da_size_transformation_panels_above_66_both_multi_axes.csv
R100	src/signal-and-noise/analysis/rq02_decision_accuracy/pretraining/predictivity/scale_convergence_transformation_panels_above_66_both_multi_axes.png	src/signal-and-noise/analysis/rq02_decision_accuracy/pretraining/predictivity/scale_convergence_da_size_transformation_panels_above_66_both_multi_axes.png
R100	src/signal-and-noise/analysis/rq02_decision_accuracy/pretraining/predictivity/scale_convergence_transformation_above_66_both_multi_axes_flops.csv	src/signal-and-noise/analysis/rq02_decision_accuracy/pretraining/predictivity/scale_convergence_da_size_transformation_panels_above_66_both_multi_axes_flops.csv
R100	src/signal-and-noise/analysis/rq02_decision_accuracy/pretraining/predictivity/scale_convergence_transformation_panels_above_66_both_multi_axes_flops.png	src/signal-and-noise/analysis/rq02_decision_accuracy/pretraining/predictivity/scale_convergence_da_size_transformation_panels_above_66_both_multi_axes_flops.png
R100	src/signal-and-noise/analysis/rq02_decision_accuracy/pretraining/predictivity/scale_convergence_transformation_above_66_size_one_axis.csv	src/signal-and-noise/analysis/rq02_decision_accuracy/pretraining/predictivity/scale_convergence_da_size_transformation_panels_above_66_size_mono_axis.csv
R100	src/signal-and-noise/analysis/rq02_decision_accuracy/pretraining/predictivity/scale_convergence_transformation_panels_above_66_size_mono_axis.png	src/signal-and-noise/analysis/rq02_decision_accuracy/pretraining/predictivity/scale_convergence_da_size_transformation_panels_above_66_size_mono_axis.png
R100	src/signal-and-noise/analysis/rq02_decision_accuracy/pretraining/predictivity/scale_convergence_transformation_above_66_size_one_axis_flops.csv	src/signal-and-noise/analysis/rq02_decision_accuracy/pretraining/predictivity/scale_convergence_da_size_transformation_panels_above_66_size_mono_axis_flops.csv
R100	src/signal-and-noise/analysis/rq02_decision_accuracy/pretraining/predictivity/scale_convergence_transformation_panels_above_66_size_mono_axis_flops.png	src/signal-and-noise/analysis/rq02_decision_accuracy/pretraining/predictivity/scale_convergence_da_size_transformation_panels_above_66_size_mono_axis_flops.png
R100	src/signal-and-noise/analysis/rq02_decision_accuracy/pretraining/predictivity/scale_convergence_transformation_above_66_size_multi_axes.csv	src/signal-and-noise/analysis/rq02_decision_accuracy/pretraining/predictivity/scale_convergence_da_size_transformation_panels_above_66_size_multi_axes.csv
R100	src/signal-and-noise/analysis/rq02_decision_accuracy/pretraining/predictivity/scale_convergence_transformation_panels_above_66_size_multi_axes.png	src/signal-and-noise/analysis/rq02_decision_accuracy/pretraining/predictivity/scale_convergence_da_size_transformation_panels_above_66_size_multi_axes.png
R100	src/signal-and-noise/analysis/rq02_decision_accuracy/pretraining/predictivity/scale_convergence_transformation_above_66_size_multi_axes_flops.csv	src/signal-and-noise/analysis/rq02_decision_accuracy/pretraining/predictivity/scale_convergence_da_size_transformation_panels_above_66_size_multi_axes_flops.csv
R100	src/signal-and-noise/analysis/rq02_decision_accuracy/pretraining/predictivity/scale_convergence_transformation_panels_above_66_size_multi_axes_flops.png	src/signal-and-noise/analysis/rq02_decision_accuracy/pretraining/predictivity/scale_convergence_da_size_transformation_panels_above_66_size_multi_axes_flops.png
R100	src/signal-and-noise/analysis/rq02_decision_accuracy/pretraining/predictivity/scale_convergence_transformation_above_80_one_axis.csv	src/signal-and-noise/analysis/rq02_decision_accuracy/pretraining/predictivity/scale_convergence_da_size_transformation_panels_above_80_mono_axis.csv
R100	src/signal-and-noise/analysis/rq02_decision_accuracy/pretraining/predictivity/scale_convergence_transformation_panels_above_80_mono_axis.png	src/signal-and-noise/analysis/rq02_decision_accuracy/pretraining/predictivity/scale_convergence_da_size_transformation_panels_above_80_mono_axis.png
R100	src/signal-and-noise/analysis/rq02_decision_accuracy/pretraining/predictivity/scale_convergence_transformation_above_80_multi_axes.csv	src/signal-and-noise/analysis/rq02_decision_accuracy/pretraining/predictivity/scale_convergence_da_size_transformation_panels_above_80_multi_axes.csv
R100	src/signal-and-noise/analysis/rq02_decision_accuracy/pretraining/predictivity/scale_convergence_transformation_panels_above_80_multi_axes.png	src/signal-and-noise/analysis/rq02_decision_accuracy/pretraining/predictivity/scale_convergence_da_size_transformation_panels_above_80_multi_axes.png
R100	src/signal-and-noise/analysis/rq02_decision_accuracy/pretraining/predictivity/scale_convergence_transformation_one_axis.csv	src/signal-and-noise/analysis/rq02_decision_accuracy/pretraining/predictivity/scale_convergence_da_size_transformation_panels_mono_axis.csv
R100	src/signal-and-noise/analysis/rq02_decision_accuracy/pretraining/predictivity/scale_convergence_transformation_panels_mono_axis.png	src/signal-and-noise/analysis/rq02_decision_accuracy/pretraining/predictivity/scale_convergence_da_size_transformation_panels_mono_axis.png
R100	src/signal-and-noise/analysis/rq02_decision_accuracy/pretraining/predictivity/scale_convergence_transformation_multi_axes.csv	src/signal-and-noise/analysis/rq02_decision_accuracy/pretraining/predictivity/scale_convergence_da_size_transformation_panels_multi_axes.csv
R100	src/signal-and-noise/analysis/rq02_decision_accuracy/pretraining/predictivity/scale_convergence_transformation_panels_multi_axes.png	src/signal-and-noise/analysis/rq02_decision_accuracy/pretraining/predictivity/scale_convergence_da_size_transformation_panels_multi_axes.png
R100	src/signal-and-noise/analysis/rq02_decision_accuracy/pretraining/predictivity/scaling_vs_ranking.csv	src/signal-and-noise/analysis/rq02_decision_accuracy/pretraining/predictivity/scaling_vs_ranking_da_size_multi_axes.csv
R100	src/signal-and-noise/analysis/rq02_decision_accuracy/pretraining/predictivity/scaling_vs_ranking.png	src/signal-and-noise/analysis/rq02_decision_accuracy/pretraining/predictivity/scaling_vs_ranking_da_size_multi_axes.png
R100	src/signal-and-noise/analysis/rq02_decision_accuracy/pretraining/predictivity/seed_uncertainty.csv	src/signal-and-noise/analysis/rq02_decision_accuracy/pretraining/predictivity/seed_uncertainty_da_all_seed_null.csv
R100	src/signal-and-noise/analysis/rq02_decision_accuracy/pretraining/predictivity/seed_uncertainty.png	src/signal-and-noise/analysis/rq02_decision_accuracy/pretraining/predictivity/seed_uncertainty_da_all_seed_null.png
R100	src/signal-and-noise/analysis/rq02_decision_accuracy/pretraining/predictivity_schemes/da_n_pairs_per_task.csv	src/signal-and-noise/analysis/rq02_decision_accuracy/pretraining/predictivity_schemes/da_all_n_pairs_per_task_both_axes.csv
R100	src/signal-and-noise/analysis/rq02_decision_accuracy/pretraining/predictivity_schemes/da_per_task.csv	src/signal-and-noise/analysis/rq02_decision_accuracy/pretraining/predictivity_schemes/da_all_per_task_both_axes.csv
R100	src/signal-and-noise/analysis/rq02_decision_accuracy/pretraining/predictivity_schemes/da_early_small_per_task.csv	src/signal-and-noise/analysis/rq02_decision_accuracy/pretraining/predictivity_schemes/da_goal_early_small_per_task_both_axes.csv
R100	src/signal-and-noise/analysis/rq02_decision_accuracy/pretraining/predictivity_seeds/da_n_pairs_per_task.csv	src/signal-and-noise/analysis/rq02_decision_accuracy/pretraining/predictivity_seeds/da_all_n_pairs_per_task_both_axes.csv
R100	src/signal-and-noise/analysis/rq02_decision_accuracy/pretraining/predictivity_seeds/da_per_benchmark.csv	src/signal-and-noise/analysis/rq02_decision_accuracy/pretraining/predictivity_seeds/da_all_per_benchmark_multi_axes.csv
R100	src/signal-and-noise/analysis/rq02_decision_accuracy/pretraining/predictivity_seeds/da_per_task.csv	src/signal-and-noise/analysis/rq02_decision_accuracy/pretraining/predictivity_seeds/da_all_per_task_both_axes.csv
R100	src/signal-and-noise/analysis/rq02_decision_accuracy/pretraining/predictivity_seeds/da_per_benchmark_ckpt.csv	src/signal-and-noise/analysis/rq02_decision_accuracy/pretraining/predictivity_seeds/da_ckpt_per_benchmark_multi_axes.csv
R100	src/signal-and-noise/analysis/rq02_decision_accuracy/pretraining/predictivity_seeds/da_early_small_per_task.csv	src/signal-and-noise/analysis/rq02_decision_accuracy/pretraining/predictivity_seeds/da_goal_early_small_per_task_both_axes.csv
R100	src/signal-and-noise/analysis/rq02_decision_accuracy/pretraining/predictivity_seeds/da_size_by_benchmark.png	src/signal-and-noise/analysis/rq02_decision_accuracy/pretraining/predictivity_seeds/da_size_by_benchmark_multi_axes.png
R100	src/signal-and-noise/analysis/rq02_decision_accuracy/pretraining/predictivity_seeds/da_size_by_language.png	src/signal-and-noise/analysis/rq02_decision_accuracy/pretraining/predictivity_seeds/da_size_by_language_multi_axes.png
R100	src/signal-and-noise/analysis/rq02_decision_accuracy/pretraining/predictivity_seeds/da_size.csv	src/signal-and-noise/analysis/rq02_decision_accuracy/pretraining/predictivity_seeds/da_size_multi_axes.csv
R100	src/signal-and-noise/analysis/rq02_decision_accuracy/pretraining/predictivity_seeds/da_per_benchmark_size.csv	src/signal-and-noise/analysis/rq02_decision_accuracy/pretraining/predictivity_seeds/da_size_per_benchmark_multi_axes.csv
R100	src/signal-and-noise/analysis/rq02_decision_accuracy/pretraining/predictivity_seeds/early_small_by_benchmark.png	src/signal-and-noise/analysis/rq02_decision_accuracy/pretraining/predictivity_seeds/early_small_da_goal_by_benchmark_multi_axes.png
R100	src/signal-and-noise/analysis/rq02_decision_accuracy/pretraining/predictivity_seeds/early_small_by_language.png	src/signal-and-noise/analysis/rq02_decision_accuracy/pretraining/predictivity_seeds/early_small_da_goal_by_language_multi_axes.png
R100	src/signal-and-noise/analysis/rq02_decision_accuracy/pretraining/predictivity_seeds/early_small.csv	src/signal-and-noise/analysis/rq02_decision_accuracy/pretraining/predictivity_seeds/early_small_da_goal_multi_axes.csv
R100	src/signal-and-noise/analysis/rq02_decision_accuracy/pretraining/predictivity_seeds/early_small.png	src/signal-and-noise/analysis/rq02_decision_accuracy/pretraining/predictivity_seeds/early_small_da_goal_multi_axes.png
R100	src/signal-and-noise/analysis/rq02_decision_accuracy/pretraining/predictivity_seeds/early_small_summary.csv	src/signal-and-noise/analysis/rq02_decision_accuracy/pretraining/predictivity_seeds/early_small_da_goal_summary_multi_axes.csv
R100	src/signal-and-noise/analysis/rq02_decision_accuracy/pretraining/predictivity_seeds/highlights.csv	src/signal-and-noise/analysis/rq02_decision_accuracy/pretraining/predictivity_seeds/highlights_da_all_multi_axes.csv
R100	src/signal-and-noise/analysis/rq02_decision_accuracy/pretraining/predictivity_seeds/highlights.png	src/signal-and-noise/analysis/rq02_decision_accuracy/pretraining/predictivity_seeds/highlights_da_all_multi_axes.png
R100	src/signal-and-noise/analysis/rq02_decision_accuracy/pretraining/predictivity_seeds/safe_checkpoint.csv	src/signal-and-noise/analysis/rq02_decision_accuracy/pretraining/predictivity_seeds/safe_checkpoint_da_ckpt_multi_axes.csv
R100	src/signal-and-noise/analysis/rq02_decision_accuracy/pretraining/predictivity_seeds/safe_checkpoint.png	src/signal-and-noise/analysis/rq02_decision_accuracy/pretraining/predictivity_seeds/safe_checkpoint_da_ckpt_multi_axes.png
R100	src/signal-and-noise/analysis/rq02_decision_accuracy/pretraining/predictivity_seeds/safe_flops.csv	src/signal-and-noise/analysis/rq02_decision_accuracy/pretraining/predictivity_seeds/safe_flops_da_goal_multi_axes.csv
R100	src/signal-and-noise/analysis/rq02_decision_accuracy/pretraining/predictivity_seeds/safe_flops.png	src/signal-and-noise/analysis/rq02_decision_accuracy/pretraining/predictivity_seeds/safe_flops_da_goal_multi_axes.png
R100	src/signal-and-noise/analysis/rq02_decision_accuracy/pretraining/predictivity_seeds/safe_size.csv	src/signal-and-noise/analysis/rq02_decision_accuracy/pretraining/predictivity_seeds/safe_size_da_size_multi_axes.csv
R100	src/signal-and-noise/analysis/rq02_decision_accuracy/pretraining/predictivity_seeds/safe_size.png	src/signal-and-noise/analysis/rq02_decision_accuracy/pretraining/predictivity_seeds/safe_size_da_size_multi_axes.png
R100	src/signal-and-noise/analysis/rq02_decision_accuracy/pretraining/predictivity_seeds_test/da_n_pairs_per_task.csv	src/signal-and-noise/analysis/rq02_decision_accuracy/pretraining/predictivity_seeds_test/da_all_n_pairs_per_task_both_axes.csv
R100	src/signal-and-noise/analysis/rq02_decision_accuracy/pretraining/predictivity_seeds_test/da_per_task.csv	src/signal-and-noise/analysis/rq02_decision_accuracy/pretraining/predictivity_seeds_test/da_all_per_task_both_axes.csv
R100	src/signal-and-noise/analysis/rq02_decision_accuracy/pretraining/predictivity_seeds_test/da_early_small_per_task.csv	src/signal-and-noise/analysis/rq02_decision_accuracy/pretraining/predictivity_seeds_test/da_goal_early_small_per_task_both_axes.csv
R100	src/signal-and-noise/analysis/rq02_decision_accuracy/pretraining/predictivity_seeds_train/da_n_pairs_per_task.csv	src/signal-and-noise/analysis/rq02_decision_accuracy/pretraining/predictivity_seeds_train/da_all_n_pairs_per_task_both_axes.csv
R100	src/signal-and-noise/analysis/rq02_decision_accuracy/pretraining/predictivity_seeds_train/da_per_task.csv	src/signal-and-noise/analysis/rq02_decision_accuracy/pretraining/predictivity_seeds_train/da_all_per_task_both_axes.csv
R100	src/signal-and-noise/analysis/rq02_decision_accuracy/pretraining/predictivity_seeds_train/da_early_small_per_task.csv	src/signal-and-noise/analysis/rq02_decision_accuracy/pretraining/predictivity_seeds_train/da_goal_early_small_per_task_both_axes.csv
R100	src/signal-and-noise/analysis/rq02_decision_accuracy/pretraining/seeds_1904/da_per_task.csv	src/signal-and-noise/analysis/rq02_decision_accuracy/pretraining/seeds_1904/da_all_per_task_both_axes.csv
R100	src/signal-and-noise/analysis/rq02_decision_accuracy/pretraining/seeds_28_1797/da_per_task.csv	src/signal-and-noise/analysis/rq02_decision_accuracy/pretraining/seeds_28_1797/da_all_per_task_both_axes.csv
R100	src/signal-and-noise/analysis/rq02_decision_accuracy/pretraining/seeds_28_1797_1904/da_per_task.csv	src/signal-and-noise/analysis/rq02_decision_accuracy/pretraining/seeds_28_1797_1904/da_all_per_task_both_axes.csv
R100	src/signal-and-noise/analysis/rq03_noise_and_snr/pretraining/predictivity_seeds_train__vs__predictivity_seeds_test/per_language_agreement_da_ckpt.csv	src/signal-and-noise/analysis/rq03_noise_and_snr/pretraining/predictivity_seeds_train__vs__predictivity_seeds_test/per_language_agreement_da_ckpt_multi_axes.csv
R100	src/signal-and-noise/analysis/rq03_noise_and_snr/pretraining/predictivity_seeds_train__vs__predictivity_seeds_test/per_language_agreement_da_ckpt.png	src/signal-and-noise/analysis/rq03_noise_and_snr/pretraining/predictivity_seeds_train__vs__predictivity_seeds_test/per_language_agreement_da_ckpt_multi_axes.png
R100	src/signal-and-noise/analysis/rq03_noise_and_snr/pretraining/predictivity_seeds_train__vs__predictivity_seeds_test/per_language_agreement_da_size.csv	src/signal-and-noise/analysis/rq03_noise_and_snr/pretraining/predictivity_seeds_train__vs__predictivity_seeds_test/per_language_agreement_da_size_multi_axes.csv
R100	src/signal-and-noise/analysis/rq03_noise_and_snr/pretraining/predictivity_seeds_train__vs__predictivity_seeds_test/per_language_agreement_da_size.png	src/signal-and-noise/analysis/rq03_noise_and_snr/pretraining/predictivity_seeds_train__vs__predictivity_seeds_test/per_language_agreement_da_size_multi_axes.png
R100	src/signal-and-noise/analysis/rq03_noise_and_snr/pretraining/seeds_28_1797__vs__seeds_1904/per_language_agreement_da_ckpt.csv	src/signal-and-noise/analysis/rq03_noise_and_snr/pretraining/seeds_28_1797__vs__seeds_1904/per_language_agreement_da_ckpt_multi_axes.csv
R100	src/signal-and-noise/analysis/rq03_noise_and_snr/pretraining/seeds_28_1797__vs__seeds_1904/per_language_agreement_da_ckpt.png	src/signal-and-noise/analysis/rq03_noise_and_snr/pretraining/seeds_28_1797__vs__seeds_1904/per_language_agreement_da_ckpt_multi_axes.png
R100	src/signal-and-noise/analysis/rq03_noise_and_snr/pretraining/seeds_28_1797__vs__seeds_1904/per_language_agreement_da_size.csv	src/signal-and-noise/analysis/rq03_noise_and_snr/pretraining/seeds_28_1797__vs__seeds_1904/per_language_agreement_da_size_multi_axes.csv
R100	src/signal-and-noise/analysis/rq03_noise_and_snr/pretraining/seeds_28_1797__vs__seeds_1904/per_language_agreement_da_size.png	src/signal-and-noise/analysis/rq03_noise_and_snr/pretraining/seeds_28_1797__vs__seeds_1904/per_language_agreement_da_size_multi_axes.png
R100	src/signal-and-noise/analysis/rq04_surrogates/all/external/da_size_vs_da_ckpt.png	src/signal-and-noise/analysis/rq04_surrogates/all/external/da_size_vs_da_ckpt_multi_axes.png
R100	src/signal-and-noise/analysis/rq04_surrogates/pretraining/custom_swissai_hf/da_size_vs_da_ckpt.png	src/signal-and-noise/analysis/rq04_surrogates/pretraining/custom_swissai_hf/da_size_vs_da_ckpt_multi_axes.png
R100	src/signal-and-noise/analysis/rq04_surrogates/pretraining/predictivity/da_retest.csv	src/signal-and-noise/analysis/rq04_surrogates/pretraining/predictivity/da_all_retest_multi_axes.csv
R100	src/signal-and-noise/analysis/rq04_surrogates/pretraining/predictivity/da_size_vs_da_ckpt.csv	src/signal-and-noise/analysis/rq04_surrogates/pretraining/predictivity/da_size_vs_da_ckpt_multi_axes.csv
R100	src/signal-and-noise/analysis/rq04_surrogates/pretraining/predictivity/da_size_vs_da_ckpt.png	src/signal-and-noise/analysis/rq04_surrogates/pretraining/predictivity/da_size_vs_da_ckpt_multi_axes.png
R100	src/signal-and-noise/analysis/rq04_surrogates/pretraining/predictivity_seeds/da_size_vs_da_ckpt.csv	src/signal-and-noise/analysis/rq04_surrogates/pretraining/predictivity_seeds/da_size_vs_da_ckpt_multi_axes.csv
R100	src/signal-and-noise/analysis/rq04_surrogates/pretraining/predictivity_seeds/da_size_vs_da_ckpt.png	src/signal-and-noise/analysis/rq04_surrogates/pretraining/predictivity_seeds/da_size_vs_da_ckpt_multi_axes.png
R100	src/signal-and-noise/analysis/rq04_surrogates/pretraining/seeds_1904/da_size_vs_da_ckpt.png	src/signal-and-noise/analysis/rq04_surrogates/pretraining/seeds_1904/da_size_vs_da_ckpt_multi_axes.png
R100	src/signal-and-noise/analysis/rq04_surrogates/pretraining/seeds_28_1797/da_size_vs_da_ckpt.png	src/signal-and-noise/analysis/rq04_surrogates/pretraining/seeds_28_1797/da_size_vs_da_ckpt_multi_axes.png
R100	src/signal-and-noise/analysis/rq04_surrogates/pretraining/seeds_28_1797_1904/da_size_vs_da_ckpt.png	src/signal-and-noise/analysis/rq04_surrogates/pretraining/seeds_28_1797_1904/da_size_vs_da_ckpt_multi_axes.png
R100	src/signal-and-noise/analysis/rq05_design_decisions/pretraining/predictivity_all/da_lines_decided.csv	src/signal-and-noise/analysis/rq05_design_decisions/pretraining/predictivity_all/da_all_lines_decided_mono_axis.csv
R100	src/signal-and-noise/analysis/rq05_design_decisions/pretraining/predictivity_all/da_lines_decided.png	src/signal-and-noise/analysis/rq05_design_decisions/pretraining/predictivity_all/da_all_lines_decided_mono_axis.png
R100	src/signal-and-noise/analysis/rq05_design_decisions/pretraining/predictivity_all/da_lines_flops.csv	src/signal-and-noise/analysis/rq05_design_decisions/pretraining/predictivity_all/da_all_lines_flops_mono_axis.csv
R100	src/signal-and-noise/analysis/rq05_design_decisions/pretraining/predictivity_all/da_lines_flops.png	src/signal-and-noise/analysis/rq05_design_decisions/pretraining/predictivity_all/da_all_lines_flops_mono_axis.png
R100	src/signal-and-noise/analysis/rq05_design_decisions/pretraining/predictivity_all/da_lines.csv	src/signal-and-noise/analysis/rq05_design_decisions/pretraining/predictivity_all/da_all_lines_mono_axis.csv
R100	src/signal-and-noise/analysis/rq05_design_decisions/pretraining/predictivity_all/da_lines.png	src/signal-and-noise/analysis/rq05_design_decisions/pretraining/predictivity_all/da_all_lines_mono_axis.png
R100	src/signal-and-noise/analysis/rq05_design_decisions/pretraining/predictivity_all/intervention_da_by_group.csv	src/signal-and-noise/analysis/rq05_design_decisions/pretraining/predictivity_all/intervention_da_all_by_group_ckpt10_mono_axis.csv
R100	src/signal-and-noise/analysis/rq05_design_decisions/pretraining/predictivity_all/intervention_da.csv	src/signal-and-noise/analysis/rq05_design_decisions/pretraining/predictivity_all/intervention_da_all_ckpt10_mono_axis.csv
R100	src/signal-and-noise/analysis/rq05_design_decisions/pretraining/predictivity_all/intervention_da_ckpt10.csv	src/signal-and-noise/analysis/rq05_design_decisions/pretraining/predictivity_all/intervention_da_all_mono_axis.csv
R100	src/signal-and-noise/analysis/rq05_design_decisions/pretraining/predictivity_all/intervention_da.png	src/signal-and-noise/analysis/rq05_design_decisions/pretraining/predictivity_all/intervention_da_all_mono_axis.png
R100	src/signal-and-noise/analysis/rq05_design_decisions/pretraining/predictivity_all/intervention_da_early_by_benchmark.csv	src/signal-and-noise/analysis/rq05_design_decisions/pretraining/predictivity_all/intervention_da_goal_early_by_benchmark_mono_axis.csv
R100	src/signal-and-noise/analysis/rq05_design_decisions/pretraining/predictivity_all/intervention_da_early_by_benchmark.png	src/signal-and-noise/analysis/rq05_design_decisions/pretraining/predictivity_all/intervention_da_goal_early_by_benchmark_mono_axis.png
R100	src/signal-and-noise/analysis/rq05_design_decisions/pretraining/predictivity_all/intervention_da_early_by_language.csv	src/signal-and-noise/analysis/rq05_design_decisions/pretraining/predictivity_all/intervention_da_goal_early_by_language_mono_axis.csv
R100	src/signal-and-noise/analysis/rq05_design_decisions/pretraining/predictivity_all/intervention_da_early_by_language.png	src/signal-and-noise/analysis/rq05_design_decisions/pretraining/predictivity_all/intervention_da_goal_early_by_language_mono_axis.png
R100	src/signal-and-noise/analysis/rq05_design_decisions/pretraining/predictivity_all/intervention_da_by_benchmark.csv	src/signal-and-noise/analysis/rq05_design_decisions/pretraining/predictivity_all/intervention_da_size_by_benchmark_mono_axis.csv
R100	src/signal-and-noise/analysis/rq05_design_decisions/pretraining/predictivity_all/intervention_da_by_benchmark.png	src/signal-and-noise/analysis/rq05_design_decisions/pretraining/predictivity_all/intervention_da_size_by_benchmark_mono_axis.png
R100	src/signal-and-noise/analysis/rq05_design_decisions/pretraining/predictivity_all/intervention_da_by_group_ckpt10.csv	src/signal-and-noise/analysis/rq05_design_decisions/pretraining/predictivity_all/intervention_da_size_by_group_mono_axis.csv
R100	src/signal-and-noise/analysis/rq05_design_decisions/pretraining/predictivity_all/intervention_da_by_language.csv	src/signal-and-noise/analysis/rq05_design_decisions/pretraining/predictivity_all/intervention_da_size_by_language_mono_axis.csv
R100	src/signal-and-noise/analysis/rq05_design_decisions/pretraining/predictivity_all/intervention_da_by_language.png	src/signal-and-noise/analysis/rq05_design_decisions/pretraining/predictivity_all/intervention_da_size_by_language_mono_axis.png
R100	src/signal-and-noise/analysis/rq05_design_decisions/pretraining/predictivity_all/rq2_decisions.csv	src/signal-and-noise/analysis/rq05_design_decisions/pretraining/predictivity_all/rq2_da_all_decisions_mono_axis.csv
R100	src/signal-and-noise/analysis/rq05_design_decisions/pretraining/predictivity_all/rq2_early_small_by_benchmark.png	src/signal-and-noise/analysis/rq05_design_decisions/pretraining/predictivity_all/rq2_da_goal_early_small_by_benchmark_mono_axis.png
R100	src/signal-and-noise/analysis/rq05_design_decisions/pretraining/predictivity_all/rq2_early_small_by_language.png	src/signal-and-noise/analysis/rq05_design_decisions/pretraining/predictivity_all/rq2_da_goal_early_small_by_language_mono_axis.png
R100	src/signal-and-noise/analysis/rq05_design_decisions/pretraining/predictivity_all/rq2_early_small.csv	src/signal-and-noise/analysis/rq05_design_decisions/pretraining/predictivity_all/rq2_da_goal_early_small_mono_axis.csv
R100	src/signal-and-noise/analysis/rq05_design_decisions/pretraining/predictivity_all/rq2_early_small.png	src/signal-and-noise/analysis/rq05_design_decisions/pretraining/predictivity_all/rq2_da_goal_early_small_mono_axis.png
R100	src/signal-and-noise/analysis/rq05_design_decisions/pretraining/predictivity_all/rq4_da_by_intervention.csv	src/signal-and-noise/analysis/rq05_design_decisions/pretraining/predictivity_all/rq4_da_size_by_intervention_mono_axis.csv
R100	src/signal-and-noise/analysis/rq05_design_decisions/pretraining/predictivity_all/transformation_da.csv	src/signal-and-noise/analysis/rq05_design_decisions/pretraining/predictivity_all/transformation_da_size_mono_axis.csv
R100	src/signal-and-noise/analysis/rq05_design_decisions/pretraining/predictivity_all/transformation_da.png	src/signal-and-noise/analysis/rq05_design_decisions/pretraining/predictivity_all/transformation_da_size_mono_axis.png
R100	src/signal-and-noise/analysis/rq05_design_decisions/pretraining/predictivity_seeds/intervention_da.csv	src/signal-and-noise/analysis/rq05_design_decisions/pretraining/predictivity_seeds/intervention_da_all_mono_axis.csv
R100	src/signal-and-noise/analysis/rq05_design_decisions/pretraining/predictivity_seeds/intervention_da.png	src/signal-and-noise/analysis/rq05_design_decisions/pretraining/predictivity_seeds/intervention_da_all_mono_axis.png
R100	src/signal-and-noise/analysis/rq06_language_transfer/pretraining/predictivity_all/transfer_da_by_L.csv	src/signal-and-noise/analysis/rq06_language_transfer/pretraining/predictivity_all/transfer_da_all_by_L_mono_axis.csv
R100	src/signal-and-noise/analysis/rq06_language_transfer/pretraining/predictivity_all/transfer_da_by_L.png	src/signal-and-noise/analysis/rq06_language_transfer/pretraining/predictivity_all/transfer_da_all_by_L_mono_axis.png
R100	src/signal-and-noise/analysis/rq06_language_transfer/pretraining/predictivity_all/transfer_da_lines.csv	src/signal-and-noise/analysis/rq06_language_transfer/pretraining/predictivity_all/transfer_da_all_lines_mono_axis.csv
R100	src/signal-and-noise/analysis/rq06_language_transfer/pretraining/predictivity_all/transfer_da_lines.png	src/signal-and-noise/analysis/rq06_language_transfer/pretraining/predictivity_all/transfer_da_all_lines_mono_axis.png
