kind,size,percent,group,mean_da,tasks
checkpoint,1.7B,10,benchmarks,0.5047525896620132,847
checkpoint,1.7B,10,bpb,0.9111514281465111,51
checkpoint,1.7B,20,benchmarks,0.5298347221488814,847
checkpoint,1.7B,20,bpb,0.9629124009737742,51
checkpoint,1.7B,30,benchmarks,0.5522902497942066,847
checkpoint,1.7B,30,bpb,0.974198212365213,51
checkpoint,1.7B,40,benchmarks,0.5581877428306457,847
checkpoint,1.7B,40,bpb,0.9823373068246497,51
checkpoint,1.7B,50,benchmarks,0.5670821695775183,847
checkpoint,1.7B,50,bpb,0.9856311630187062,51
checkpoint,1.7B,60,benchmarks,0.5820436054446639,847
checkpoint,1.7B,60,bpb,0.9835962405630955,51
checkpoint,1.7B,70,benchmarks,0.6002547956484816,847
checkpoint,1.7B,70,bpb,0.9880627446371391,51
checkpoint,1.7B,80,benchmarks,0.6181569622711552,847
checkpoint,1.7B,80,bpb,0.986776243108423,51
checkpoint,1.7B,90,benchmarks,0.7091033127095208,847
checkpoint,1.7B,90,bpb,0.9945130240231316,51
checkpoint,175M,10,benchmarks,0.4834229854172942,847
checkpoint,175M,10,bpb,0.9504423946046601,51
checkpoint,175M,20,benchmarks,0.5091184857703731,847
checkpoint,175M,20,bpb,0.9339232379079401,51
checkpoint,175M,30,benchmarks,0.5177789901771099,847
checkpoint,175M,30,bpb,0.9575598144747662,51
checkpoint,175M,40,benchmarks,0.5325714097755649,847
checkpoint,175M,40,bpb,0.9739071467326795,51
checkpoint,175M,50,benchmarks,0.5704254850902462,847
checkpoint,175M,50,bpb,0.9410076778479619,51
checkpoint,175M,60,benchmarks,0.5793047660697461,847
checkpoint,175M,60,bpb,0.9679647478390877,51
checkpoint,175M,70,benchmarks,0.6089122159467871,847
checkpoint,175M,70,bpb,0.9433872120850813,51
checkpoint,175M,80,benchmarks,0.6419723368967285,847
checkpoint,175M,80,bpb,0.9661782640220085,51
checkpoint,175M,90,benchmarks,0.7339757742490023,847
checkpoint,175M,90,bpb,0.9881514243797981,51
checkpoint,1B,10,benchmarks,0.49912928080209434,847
checkpoint,1B,10,bpb,0.7962481356034443,51
checkpoint,1B,20,benchmarks,0.5155753728431838,847
checkpoint,1B,20,bpb,0.8354441277979796,51
checkpoint,1B,30,benchmarks,0.5446461458012516,847
checkpoint,1B,30,bpb,0.8776254274469536,51
checkpoint,1B,40,benchmarks,0.5452043987413403,847
checkpoint,1B,40,bpb,0.925357341148636,51
checkpoint,1B,50,benchmarks,0.5664203018004086,847
checkpoint,1B,50,bpb,0.9404083730672694,51
checkpoint,1B,60,benchmarks,0.578869784909678,847
checkpoint,1B,60,bpb,0.9775468994673148,51
checkpoint,1B,70,benchmarks,0.5998621299025201,847
checkpoint,1B,70,bpb,0.9564216464380368,51
checkpoint,1B,80,benchmarks,0.6413659308214303,847
checkpoint,1B,80,bpb,0.9675663164007728,51
checkpoint,1B,90,benchmarks,0.7149388961025916,847
checkpoint,1B,90,bpb,0.9918651827475358,51
checkpoint,350M,10,benchmarks,0.48167918119925096,847
checkpoint,350M,10,bpb,0.8695666434174902,51
checkpoint,350M,20,benchmarks,0.5080040349134646,847
checkpoint,350M,20,bpb,0.9101142492883523,51
checkpoint,350M,30,benchmarks,0.5314020993516224,847
checkpoint,350M,30,bpb,0.915250690007565,51
checkpoint,350M,40,benchmarks,0.5578890725480529,847
checkpoint,350M,40,bpb,0.9228509821589407,51
checkpoint,350M,50,benchmarks,0.5901574227353247,847
checkpoint,350M,50,bpb,0.966249078427188,51
checkpoint,350M,60,benchmarks,0.620521237651744,847
checkpoint,350M,60,bpb,0.9629282604186993,51
checkpoint,350M,70,benchmarks,0.672391461930225,847
checkpoint,350M,70,bpb,0.9459780274832178,51
checkpoint,350M,80,benchmarks,0.7233959080196146,847
checkpoint,350M,80,bpb,0.9641488493564618,51
checkpoint,350M,90,benchmarks,0.7989449201915496,847
checkpoint,350M,90,bpb,0.9892513759468777,51
checkpoint,600M,10,benchmarks,0.48419800470673885,847
checkpoint,600M,10,bpb,0.9418289431283422,51
checkpoint,600M,20,benchmarks,0.5116716533602756,847
checkpoint,600M,20,bpb,0.9671688580411947,51
checkpoint,600M,30,benchmarks,0.5281111957513279,847
checkpoint,600M,30,bpb,0.9761324919574783,51
checkpoint,600M,40,benchmarks,0.5484783035717129,847
checkpoint,600M,40,bpb,0.9857147310152227,51
checkpoint,600M,50,benchmarks,0.570159980224038,847
checkpoint,600M,50,bpb,0.987323854504696,51
checkpoint,600M,60,benchmarks,0.5877446669953642,847
checkpoint,600M,60,bpb,0.9821945428119168,51
checkpoint,600M,70,benchmarks,0.609220476637238,847
checkpoint,600M,70,bpb,0.9878622244830585,51
checkpoint,600M,80,benchmarks,0.6456133569358355,847
checkpoint,600M,80,bpb,0.9861354848096789,51
checkpoint,600M,90,benchmarks,0.7449493458496825,847
checkpoint,600M,90,bpb,0.9958951008723363,51
checkpoint,90M,10,benchmarks,0.4807347405990221,847
checkpoint,90M,10,bpb,0.949516886251543,51
checkpoint,90M,20,benchmarks,0.501000417667328,847
checkpoint,90M,20,bpb,0.9465724633999993,51
checkpoint,90M,30,benchmarks,0.5075999131451447,847
checkpoint,90M,30,bpb,0.9585452172358018,51
checkpoint,90M,40,benchmarks,0.5225468574343679,847
checkpoint,90M,40,bpb,0.9597337958519893,51
checkpoint,90M,50,benchmarks,0.555128452838747,847
checkpoint,90M,50,bpb,0.9628488003629144,51
checkpoint,90M,60,benchmarks,0.5681659881015465,847
checkpoint,90M,60,bpb,0.9703150320679004,51
checkpoint,90M,70,benchmarks,0.5964969998864713,847
checkpoint,90M,70,bpb,0.965288849100541,51
checkpoint,90M,80,benchmarks,0.6271859242860153,847
checkpoint,90M,80,bpb,0.9616475553153754,51
checkpoint,90M,90,benchmarks,0.7325354483358695,847
checkpoint,90M,90,bpb,0.986787926724186,51
reference,1.7B,10,benchmarks,0.5047525896620132,847
reference,1.7B,10,bpb,0.9111514281465111,51
reference,1.7B,20,benchmarks,0.5298347221488814,847
reference,1.7B,20,bpb,0.9629124009737742,51
reference,1.7B,30,benchmarks,0.5522902497942066,847
reference,1.7B,30,bpb,0.974198212365213,51
reference,1.7B,40,benchmarks,0.5581877428306457,847
reference,1.7B,40,bpb,0.9823373068246497,51
reference,1.7B,50,benchmarks,0.5670821695775183,847
reference,1.7B,50,bpb,0.9856311630187062,51
reference,1.7B,60,benchmarks,0.5820436054446639,847
reference,1.7B,60,bpb,0.9835962405630955,51
reference,1.7B,70,benchmarks,0.6002547956484816,847
reference,1.7B,70,bpb,0.9880627446371391,51
reference,1.7B,80,benchmarks,0.6181569622711552,847
reference,1.7B,80,bpb,0.986776243108423,51
reference,1.7B,90,benchmarks,0.7091033127095208,847
reference,1.7B,90,bpb,0.9945130240231316,51
reference,175M,10,benchmarks,0.4701355402762299,847
reference,175M,10,bpb,0.9437492483504138,51
reference,175M,20,benchmarks,0.4800310891600126,847
reference,175M,20,bpb,0.9155559351917028,51
reference,175M,30,benchmarks,0.47961727543641125,847
reference,175M,30,bpb,0.9351232212751062,51
reference,175M,40,benchmarks,0.4799137317800712,847
reference,175M,40,bpb,0.9610061240957252,51
reference,175M,50,benchmarks,0.47848461136386833,847
reference,175M,50,bpb,0.9083897857472798,51
reference,175M,60,benchmarks,0.48959339173677885,847
reference,175M,60,bpb,0.9417227076396627,51
reference,175M,70,benchmarks,0.49090253996680244,847
reference,175M,70,bpb,0.9164630299450914,51
reference,175M,80,benchmarks,0.4904620932681544,847
reference,175M,80,bpb,0.9339452730437979,51
reference,175M,90,benchmarks,0.49175676226662957,847
reference,175M,90,bpb,0.9506689312899474,51
reference,175M,100,benchmarks,0.4997897077861513,847
reference,175M,100,bpb,0.9585654138923124,51
reference,1B,10,benchmarks,0.509848458167658,847
reference,1B,10,bpb,0.768295958882373,51
reference,1B,20,benchmarks,0.5130905128664294,847
reference,1B,20,bpb,0.7879556386941198,51
reference,1B,30,benchmarks,0.5184848391814518,847
reference,1B,30,bpb,0.8250305748266047,51
reference,1B,40,benchmarks,0.5104623429464884,847
reference,1B,40,bpb,0.8657929725494832,51
reference,1B,50,benchmarks,0.5130461675550516,847
reference,1B,50,bpb,0.8842036043911841,51
reference,1B,60,benchmarks,0.5229290451680347,847
reference,1B,60,bpb,0.9151493406665506,51
reference,1B,70,benchmarks,0.5236722341336332,847
reference,1B,70,bpb,0.8975692387366035,51
reference,1B,80,benchmarks,0.5187370469337601,847
reference,1B,80,bpb,0.91593635257813,51
reference,1B,90,benchmarks,0.5336811507191028,847
reference,1B,90,bpb,0.9194491504098133,51
reference,1B,100,benchmarks,0.5288605835988878,847
reference,1B,100,bpb,0.9252655453438554,51
reference,350M,10,benchmarks,0.4642285749985997,847
reference,350M,10,bpb,0.8310455329085815,51
reference,350M,20,benchmarks,0.4717917624835304,847
reference,350M,20,bpb,0.8520278423155859,51
reference,350M,30,benchmarks,0.4800199610594076,847
reference,350M,30,bpb,0.8487210487092112,51
reference,350M,40,benchmarks,0.48035976533657926,847
reference,350M,40,bpb,0.8546798600604828,51
reference,350M,50,benchmarks,0.4829131316682829,847
reference,350M,50,bpb,0.8978347755901935,51
reference,350M,60,benchmarks,0.48705896532501974,847
reference,350M,60,bpb,0.898408123204153,51
reference,350M,70,benchmarks,0.49446205074050603,847
reference,350M,70,bpb,0.8772755597195591,51
reference,350M,80,benchmarks,0.4903112558634101,847
reference,350M,80,bpb,0.8932466457707762,51
reference,350M,90,benchmarks,0.4915287752851026,847
reference,350M,90,bpb,0.9136988370297422,51
reference,350M,100,benchmarks,0.4925236564954513,847
reference,350M,100,bpb,0.9212440311666319,51
reference,600M,10,benchmarks,0.46911605254468974,847
reference,600M,10,bpb,0.7065921882066482,51
reference,600M,20,benchmarks,0.492654199168248,847
reference,600M,20,bpb,0.7210866181108396,51
reference,600M,30,benchmarks,0.4960200280162558,847
reference,600M,30,bpb,0.7264515528920918,51
reference,600M,40,benchmarks,0.496684520485223,847
reference,600M,40,bpb,0.736002613337343,51
reference,600M,50,benchmarks,0.5036484124965416,847
reference,600M,50,bpb,0.7387961515406425,51
reference,600M,60,benchmarks,0.5134486730183434,847
reference,600M,60,bpb,0.7460861954506098,51
reference,600M,70,benchmarks,0.5105032570126454,847
reference,600M,70,bpb,0.7373637186248733,51
reference,600M,80,benchmarks,0.5071737153287041,847
reference,600M,80,bpb,0.7485195865399835,51
reference,600M,90,benchmarks,0.5239175527877046,847
reference,600M,90,bpb,0.7451715534578401,51
reference,600M,100,benchmarks,0.5154673173160385,847
reference,600M,100,bpb,0.7450780022570225,51
reference,90M,10,benchmarks,0.46870848237801715,847
reference,90M,10,bpb,0.9475121459477679,51
reference,90M,20,benchmarks,0.47170092264121083,847
reference,90M,20,bpb,0.9495145444207546,51
reference,90M,30,benchmarks,0.47524122003722197,847
reference,90M,30,bpb,0.9543087538334306,51
reference,90M,40,benchmarks,0.47639955342657647,847
reference,90M,40,bpb,0.9442832707402001,51
reference,90M,50,benchmarks,0.4873477995019878,847
reference,90M,50,bpb,0.9390663627906389,51
reference,90M,60,benchmarks,0.49149494971688396,847
reference,90M,60,bpb,0.94405961532077,51
reference,90M,70,benchmarks,0.4840707430354555,847
reference,90M,70,bpb,0.942195368456523,51
reference,90M,80,benchmarks,0.48114680194490195,847
reference,90M,80,bpb,0.9392956983996867,51
reference,90M,90,benchmarks,0.4875895082150268,847
reference,90M,90,bpb,0.9570990588965457,51
reference,90M,100,benchmarks,0.48124882726638696,847
reference,90M,100,bpb,0.9575223215980819,51
