language,kind,variant,pearson_r,n
ar,checkpoint,aad,0.494071545114,50
ar,checkpoint,discrepancy,0.155028448499,48
ar,checkpoint,dispersion,0.511717537392,50
ar,checkpoint,dispersion_shifted,0.411516324385,50
ar,checkpoint,dist_std,0.514211739804,50
ar,checkpoint,gini,0.349292107333,50
ar,checkpoint,iqr,0.404034105685,50
ar,checkpoint,mad,0.441510528094,50
ar,checkpoint,mpd,0.497140621193,50
ar,checkpoint,mpsd,0.310977867962,50
ar,checkpoint,projection,-0.0562651062122,50
ar,checkpoint,quartile_deviation,0.448478030017,50
ar,checkpoint,range,0.511717537392,50
ar,checkpoint,rel_dispersion,0.525695048266,50
ar,checkpoint,rel_mpd,0.521360269778,50
ar,checkpoint,rel_mpsd,0.272406265892,50
ar,checkpoint,rel_star_discrepancy,0.0994206222931,48
ar,checkpoint,rel_std,0.531466802146,50
ar,checkpoint,rms_deviation,0.504920475343,50
ar,checkpoint,star_discrepancy,0.169452984015,48
ar,checkpoint,star_discrepancy_shifted,0.183450635557,48
ar,checkpoint,tukey,-0.0899879621991,50
ar,size,aad,0.388155692226,50
ar,size,discrepancy,0.237720787686,48
ar,size,dispersion,0.411762089124,50
ar,size,dispersion_shifted,0.420311012457,50
ar,size,dist_std,0.416313223886,50
ar,size,gini,0.318348265438,50
ar,size,iqr,0.340988902389,50
ar,size,mad,0.32850268718,50
ar,size,mpd,0.390175847233,50
ar,size,mpsd,0.199755811114,50
ar,size,projection,0.0275513062544,50
ar,size,quartile_deviation,0.336730243483,50
ar,size,range,0.411762089124,50
ar,size,rel_dispersion,0.478498566276,50
ar,size,rel_mpd,0.46214634394,50
ar,size,rel_mpsd,0.17014066825,50
ar,size,rel_star_discrepancy,0.222462023116,48
ar,size,rel_std,0.479801492538,50
ar,size,rms_deviation,0.401590226048,50
ar,size,star_discrepancy,0.25702261792,48
ar,size,star_discrepancy_shifted,0.277996195572,48
ar,size,tukey,-0.00178501679629,50
az,checkpoint,aad,0.578920755104,50
az,checkpoint,discrepancy,0.331219214345,48
az,checkpoint,dispersion,0.571827246195,50
az,checkpoint,dispersion_shifted,0.483060768712,50
az,checkpoint,dist_std,0.568018658668,50
az,checkpoint,gini,0.508314555273,50
az,checkpoint,iqr,0.594595747827,50
az,checkpoint,mad,0.597777586299,50
az,checkpoint,mpd,0.577300109215,50
az,checkpoint,mpsd,0.5013865408,50
az,checkpoint,projection,-0.327449197245,50
az,checkpoint,quartile_deviation,0.588900891189,50
az,checkpoint,range,0.571827246195,50
az,checkpoint,rel_dispersion,0.575321845206,50
az,checkpoint,rel_mpd,0.583859244989,50
az,checkpoint,rel_mpsd,0.503922604546,50
az,checkpoint,rel_star_discrepancy,0.327669050218,48
az,checkpoint,rel_std,0.580877923729,50
az,checkpoint,rms_deviation,0.575069052941,50
az,checkpoint,star_discrepancy,0.339765674497,48
az,checkpoint,star_discrepancy_shifted,0.334259985894,48
az,checkpoint,tukey,-0.1998774204,50
az,size,aad,0.580201965689,50
az,size,discrepancy,-0.135890128423,48
az,size,dispersion,0.558797347554,50
az,size,dispersion_shifted,0.385819031312,50
az,size,dist_std,0.562821732583,50
az,size,gini,0.438119618003,50
az,size,iqr,0.602683362977,50
az,size,mad,0.608472607764,50
az,size,mpd,0.5704760837,50
az,size,mpsd,0.522077925825,50
az,size,projection,-0.422579931274,50
az,size,quartile_deviation,0.601169951453,50
az,size,range,0.558797347554,50
az,size,rel_dispersion,0.538213496913,50
az,size,rel_mpd,0.558540487904,50
az,size,rel_mpsd,0.526119899154,50
az,size,rel_star_discrepancy,-0.146117580368,48
az,size,rel_std,0.554864964183,50
az,size,rms_deviation,0.568568704633,50
az,size,star_discrepancy,-0.124026970057,48
az,size,star_discrepancy_shifted,-0.154145584246,48
az,size,tukey,-0.24137871398,50
bg,checkpoint,aad,0.605972489091,50
bg,checkpoint,discrepancy,0.502518254015,48
bg,checkpoint,dispersion,0.575651839392,50
bg,checkpoint,dispersion_shifted,0.523025956353,50
bg,checkpoint,dist_std,0.589360455825,50
bg,checkpoint,gini,0.518005128011,50
bg,checkpoint,iqr,0.626436847214,50
bg,checkpoint,mad,0.579169734048,50
bg,checkpoint,mpd,0.595872700545,50
bg,checkpoint,mpsd,0.451170165092,50
bg,checkpoint,projection,-0.0153318587906,50
bg,checkpoint,quartile_deviation,0.626848505651,50
bg,checkpoint,range,0.575651839392,50
bg,checkpoint,rel_dispersion,0.596505968834,50
bg,checkpoint,rel_mpd,0.623623590253,50
bg,checkpoint,rel_mpsd,0.465882467856,50
bg,checkpoint,rel_star_discrepancy,0.294648259689,48
bg,checkpoint,rel_std,0.62235411243,50
bg,checkpoint,rms_deviation,0.59401365254,50
bg,checkpoint,star_discrepancy,0.484812116361,48
bg,checkpoint,star_discrepancy_shifted,0.403782052379,48
bg,checkpoint,tukey,-0.106653428176,50
bg,size,aad,0.6144068364,50
bg,size,discrepancy,0.487548222233,48
bg,size,dispersion,0.588185839899,50
bg,size,dispersion_shifted,0.484822208565,50
bg,size,dist_std,0.614085510366,50
bg,size,gini,0.497014929721,50
bg,size,iqr,0.610539677688,50
bg,size,mad,0.521378916262,50
bg,size,mpd,0.600779458564,50
bg,size,mpsd,0.479824346191,50
bg,size,projection,-0.00806412980316,50
bg,size,quartile_deviation,0.625158548984,50
bg,size,range,0.588185839899,50
bg,size,rel_dispersion,0.598805982461,50
bg,size,rel_mpd,0.614468050136,50
bg,size,rel_mpsd,0.497402622738,50
bg,size,rel_star_discrepancy,0.124348819438,48
bg,size,rel_std,0.626045283902,50
bg,size,rms_deviation,0.605950178021,50
bg,size,star_discrepancy,0.429539509132,48
bg,size,star_discrepancy_shifted,0.43065296018,48
bg,size,tukey,-0.150614121407,50
bn,checkpoint,aad,0.474543962218,50
bn,checkpoint,discrepancy,0.26556912643,48
bn,checkpoint,dispersion,0.44716643877,50
bn,checkpoint,dispersion_shifted,0.373365286799,50
bn,checkpoint,dist_std,0.471146115739,50
bn,checkpoint,gini,0.340546801831,50
bn,checkpoint,iqr,0.577042041716,50
bn,checkpoint,mad,0.345642012325,50
bn,checkpoint,mpd,0.467040058083,50
bn,checkpoint,mpsd,0.281317228585,50
bn,checkpoint,projection,0.0666419401011,50
bn,checkpoint,quartile_deviation,0.455091801828,50
bn,checkpoint,range,0.44716643877,50
bn,checkpoint,rel_dispersion,0.594581526139,50
bn,checkpoint,rel_mpd,0.614608076327,50
bn,checkpoint,rel_mpsd,0.310241808493,50
bn,checkpoint,rel_star_discrepancy,0.355890153811,48
bn,checkpoint,rel_std,0.611653019511,50
bn,checkpoint,rms_deviation,0.468874446105,50
bn,checkpoint,star_discrepancy,0.312371083235,48
bn,checkpoint,star_discrepancy_shifted,0.0818194672694,48
bn,checkpoint,tukey,-0.00355191754242,50
bn,size,aad,0.286627403098,50
bn,size,discrepancy,0.350082229241,48
bn,size,dispersion,0.235996613853,50
bn,size,dispersion_shifted,0.414283330076,50
bn,size,dist_std,0.289343713958,50
bn,size,gini,0.37981329511,50
bn,size,iqr,0.552624185678,50
bn,size,mad,0.108097263524,50
bn,size,mpd,0.270624264748,50
bn,size,mpsd,0.0733252129492,50
bn,size,projection,0.291151719352,50
bn,size,quartile_deviation,0.257941735646,50
bn,size,range,0.235996613853,50
bn,size,rel_dispersion,0.552799486142,50
bn,size,rel_mpd,0.594334260445,50
bn,size,rel_mpsd,0.14786647052,50
bn,size,rel_star_discrepancy,0.419824161508,48
bn,size,rel_std,0.598636223658,50
bn,size,rms_deviation,0.277756990293,50
bn,size,star_discrepancy,0.384104775692,48
bn,size,star_discrepancy_shifted,0.223859589424,48
bn,size,tukey,0.222359409291,50
bs,checkpoint,aad,0.680803884317,50
bs,checkpoint,dispersion,0.648451898245,50
bs,checkpoint,dispersion_shifted,0.710624224922,50
bs,checkpoint,dist_std,0.658111081916,50
bs,checkpoint,gini,0.747990617782,50
bs,checkpoint,iqr,0.7130772526,50
bs,checkpoint,mad,0.732532015211,50
bs,checkpoint,mpd,0.669003813471,50
bs,checkpoint,mpsd,0.630416402617,50
bs,checkpoint,projection,-0.405505312566,50
bs,checkpoint,quartile_deviation,0.7267078575,50
bs,checkpoint,range,0.648451898245,50
bs,checkpoint,rel_dispersion,0.598814387278,50
bs,checkpoint,rel_mpd,0.62926854154,50
bs,checkpoint,rel_mpsd,0.598905804425,50
bs,checkpoint,rel_std,0.626728433693,50
bs,checkpoint,rms_deviation,0.665739331029,50
bs,checkpoint,tukey,0.213944622539,50
bs,size,aad,0.860306441738,50
bs,size,dispersion,0.848416915239,50
bs,size,dispersion_shifted,0.804499530986,50
bs,size,dist_std,0.851326098343,50
bs,size,gini,0.805099019346,50
bs,size,iqr,0.857128631775,50
bs,size,mad,0.866553079835,50
bs,size,mpd,0.856617021931,50
bs,size,mpsd,0.853587534097,50
bs,size,projection,-0.561315159361,50
bs,size,quartile_deviation,0.868844461817,50
bs,size,range,0.848416915239,50
bs,size,rel_dispersion,0.811702065126,50
bs,size,rel_mpd,0.827839421444,50
bs,size,rel_mpsd,0.834859490456,50
bs,size,rel_std,0.826860899658,50
bs,size,rms_deviation,0.855189181214,50
bs,size,tukey,0.115560597382,50
ca,checkpoint,aad,0.581824105309,50
ca,checkpoint,discrepancy,0.313746485519,48
ca,checkpoint,dispersion,0.584368614883,50
ca,checkpoint,dispersion_shifted,0.425982624668,50
ca,checkpoint,dist_std,0.577271085386,50
ca,checkpoint,gini,0.428322018024,50
ca,checkpoint,iqr,0.571037305638,50
ca,checkpoint,mad,0.57995505723,50
ca,checkpoint,mpd,0.583710441872,50
ca,checkpoint,mpsd,0.542031828709,50
ca,checkpoint,projection,-0.262485962908,50
ca,checkpoint,quartile_deviation,0.574208214437,50
ca,checkpoint,range,0.584368614883,50
ca,checkpoint,rel_dispersion,0.59493847366,50
ca,checkpoint,rel_mpd,0.592277317974,50
ca,checkpoint,rel_mpsd,0.556595998156,50
ca,checkpoint,rel_star_discrepancy,0.117043025471,48
ca,checkpoint,rel_std,0.589393686896,50
ca,checkpoint,rms_deviation,0.582295068462,50
ca,checkpoint,star_discrepancy,0.275977923509,48
ca,checkpoint,star_discrepancy_shifted,0.296106853351,48
ca,checkpoint,tukey,-0.100452184545,50
ca,size,aad,0.562652971439,50
ca,size,discrepancy,0.279333890529,48
ca,size,dispersion,0.556609338949,50
ca,size,dispersion_shifted,0.457939060086,50
ca,size,dist_std,0.555450609547,50
ca,size,gini,0.471821284878,50
ca,size,iqr,0.577777115294,50
ca,size,mad,0.572461288708,50
ca,size,mpd,0.560715589226,50
ca,size,mpsd,0.50445508914,50
ca,size,projection,-0.2702375297,50
ca,size,quartile_deviation,0.566042058263,50
ca,size,range,0.556609338949,50
ca,size,rel_dispersion,0.575573869959,50
ca,size,rel_mpd,0.579687955447,50
ca,size,rel_mpsd,0.519211650971,50
ca,size,rel_star_discrepancy,0.125692955704,48
ca,size,rel_std,0.576895173402,50
ca,size,rms_deviation,0.559946657407,50
ca,size,star_discrepancy,0.256800651326,48
ca,size,star_discrepancy_shifted,0.309017408357,48
ca,size,tukey,-0.0317238863974,50
cs,checkpoint,aad,0.511179883894,50
cs,checkpoint,discrepancy,0.433135442507,48
cs,checkpoint,dispersion,0.489941186555,50
cs,checkpoint,dispersion_shifted,0.329158982525,50
cs,checkpoint,dist_std,0.499014616047,50
cs,checkpoint,gini,0.324289180182,50
cs,checkpoint,iqr,0.40568387102,50
cs,checkpoint,mad,0.495188134633,50
cs,checkpoint,mpd,0.506797767984,50
cs,checkpoint,mpsd,0.38975695468,50
cs,checkpoint,projection,-0.264822421174,50
cs,checkpoint,quartile_deviation,0.50677066803,50
cs,checkpoint,range,0.489941186555,50
cs,checkpoint,rel_dispersion,0.407167089793,50
cs,checkpoint,rel_mpd,0.447256048525,50
cs,checkpoint,rel_mpsd,0.319190450127,50
cs,checkpoint,rel_star_discrepancy,0.116166934045,48
cs,checkpoint,rel_std,0.44935333785,50
cs,checkpoint,rms_deviation,0.504483897814,50
cs,checkpoint,star_discrepancy,0.407446182097,48
cs,checkpoint,star_discrepancy_shifted,0.353182969734,48
cs,checkpoint,tukey,-0.316271891953,50
cs,size,aad,0.413595557838,50
cs,size,discrepancy,0.411919447174,48
cs,size,dispersion,0.382824882701,50
cs,size,dispersion_shifted,0.360128644665,50
cs,size,dist_std,0.388485951667,50
cs,size,gini,0.360185598183,50
cs,size,iqr,0.340510586283,50
cs,size,mad,0.416330074598,50
cs,size,mpd,0.40888383392,50
cs,size,mpsd,0.268291585864,50
cs,size,projection,-0.166901075918,50
cs,size,quartile_deviation,0.411805481215,50
cs,size,range,0.382824882701,50
cs,size,rel_dispersion,0.305936398105,50
cs,size,rel_mpd,0.369671690939,50
cs,size,rel_mpsd,0.192481861673,50
cs,size,rel_star_discrepancy,-0.0079638984164,48
cs,size,rel_std,0.36024275833,50
cs,size,rms_deviation,0.402190724139,50
cs,size,star_discrepancy,0.388238067433,48
cs,size,star_discrepancy_shifted,0.346630704949,48
cs,size,tukey,-0.219234602241,50
da,checkpoint,aad,0.544637302447,50
da,checkpoint,discrepancy,-0.0780985574955,48
da,checkpoint,dispersion,0.562460839095,50
da,checkpoint,dispersion_shifted,0.406224545053,50
da,checkpoint,dist_std,0.527865782986,50
da,checkpoint,gini,0.348671007827,50
da,checkpoint,iqr,0.516363669642,50
da,checkpoint,mad,0.571675968592,50
da,checkpoint,mpd,0.555799261808,50
da,checkpoint,mpsd,0.434330511727,50
da,checkpoint,projection,-0.0922742639423,50
da,checkpoint,quartile_deviation,0.532996300449,50
da,checkpoint,range,0.562460839095,50
da,checkpoint,rel_dispersion,0.563452564906,50
da,checkpoint,rel_mpd,0.567890673409,50
da,checkpoint,rel_mpsd,0.441610381126,50
da,checkpoint,rel_star_discrepancy,0.211600746737,48
da,checkpoint,rel_std,0.55330071881,50
da,checkpoint,rms_deviation,0.546080130319,50
da,checkpoint,star_discrepancy,0.0171011868653,48
da,checkpoint,star_discrepancy_shifted,0.077119825162,48
da,checkpoint,tukey,-0.192050943357,50
da,size,aad,0.474105697669,50
da,size,discrepancy,-0.20154253681,48
da,size,dispersion,0.499002435184,50
da,size,dispersion_shifted,0.371110410803,50
da,size,dist_std,0.452516552887,50
da,size,gini,0.308621195643,50
da,size,iqr,0.536475772137,50
da,size,mad,0.502799980169,50
da,size,mpd,0.483699051167,50
da,size,mpsd,0.36682176746,50
da,size,projection,0.0302899154605,50
da,size,quartile_deviation,0.465593615968,50
da,size,range,0.499002435184,50
da,size,rel_dispersion,0.606938233191,50
da,size,rel_mpd,0.594262219559,50
da,size,rel_mpsd,0.41605808543,50
da,size,rel_star_discrepancy,0.259322099954,48
da,size,rel_std,0.57683898791,50
da,size,rms_deviation,0.472439509987,50
da,size,star_discrepancy,-0.0506330680832,48
da,size,star_discrepancy_shifted,0.0690733450187,48
da,size,tukey,-0.104797530434,50
de,checkpoint,aad,0.606623531095,50
de,checkpoint,discrepancy,0.305380549232,48
de,checkpoint,dispersion,0.597372927859,50
de,checkpoint,dispersion_shifted,0.357810403946,50
de,checkpoint,dist_std,0.605606930496,50
de,checkpoint,gini,0.446379733444,50
de,checkpoint,iqr,0.578081531505,50
de,checkpoint,mad,0.603307246121,50
de,checkpoint,mpd,0.606594687889,50
de,checkpoint,mpsd,0.497487903069,50
de,checkpoint,projection,-0.182484559044,50
de,checkpoint,quartile_deviation,0.594666360901,50
de,checkpoint,range,0.597372927859,50
de,checkpoint,rel_dispersion,0.609961600919,50
de,checkpoint,rel_mpd,0.634682209377,50
de,checkpoint,rel_mpsd,0.497817751985,50
de,checkpoint,rel_star_discrepancy,0.287762269005,48
de,checkpoint,rel_std,0.638396551427,50
de,checkpoint,rms_deviation,0.60641843156,50
de,checkpoint,star_discrepancy,0.305908424357,48
de,checkpoint,star_discrepancy_shifted,0.271947467979,48
de,checkpoint,tukey,-0.176699694988,50
de,size,aad,0.449547101808,50
de,size,discrepancy,0.276622440372,48
de,size,dispersion,0.447938872212,50
de,size,dispersion_shifted,0.400333749986,50
de,size,dist_std,0.453615807581,50
de,size,gini,0.461272744608,50
de,size,iqr,0.553416094162,50
de,size,mad,0.446927796977,50
de,size,mpd,0.45144723648,50
de,size,mpsd,0.312057492157,50
de,size,projection,0.0142576802857,50
de,size,quartile_deviation,0.438902696519,50
de,size,range,0.447938872212,50
de,size,rel_dispersion,0.581645610611,50
de,size,rel_mpd,0.598387043958,50
de,size,rel_mpsd,0.337661082015,50
de,size,rel_star_discrepancy,0.437315901417,48
de,size,rel_std,0.59862992298,50
de,size,rms_deviation,0.452260579651,50
de,size,star_discrepancy,0.293351555468,48
de,size,star_discrepancy_shifted,0.332788108155,48
de,size,tukey,0.0377552441858,50
el,checkpoint,aad,0.466023540476,50
el,checkpoint,discrepancy,0.218080125288,48
el,checkpoint,dispersion,0.452662350706,50
el,checkpoint,dispersion_shifted,0.278458182613,50
el,checkpoint,dist_std,0.453123828118,50
el,checkpoint,gini,0.282148838416,50
el,checkpoint,iqr,0.458588446138,50
el,checkpoint,mad,0.469675912709,50
el,checkpoint,mpd,0.46105146638,50
el,checkpoint,mpsd,0.297434613733,50
el,checkpoint,projection,-0.10798729124,50
el,checkpoint,quartile_deviation,0.466445096001,50
el,checkpoint,range,0.452662350706,50
el,checkpoint,rel_dispersion,0.469022061031,50
el,checkpoint,rel_mpd,0.49144333114,50
el,checkpoint,rel_mpsd,0.273270463723,50
el,checkpoint,rel_star_discrepancy,0.190261788378,48
el,checkpoint,rel_std,0.499106949271,50
el,checkpoint,rms_deviation,0.458607424964,50
el,checkpoint,star_discrepancy,0.225658948455,48
el,checkpoint,star_discrepancy_shifted,0.188976075032,48
el,checkpoint,tukey,-0.0891266091135,50
el,size,aad,0.345432103198,50
el,size,discrepancy,0.25051196048,48
el,size,dispersion,0.322920392075,50
el,size,dispersion_shifted,0.293377664031,50
el,size,dist_std,0.319810056793,50
el,size,gini,0.272881240708,50
el,size,iqr,0.426216618266,50
el,size,mad,0.389620737863,50
el,size,mpd,0.333865824123,50
el,size,mpsd,0.167276679129,50
el,size,projection,-0.0502275351236,50
el,size,quartile_deviation,0.389085616254,50
el,size,range,0.322920392075,50
el,size,rel_dispersion,0.339074598328,50
el,size,rel_mpd,0.364654878716,50
el,size,rel_mpsd,0.134252580487,50
el,size,rel_star_discrepancy,0.206898775473,48
el,size,rel_std,0.366376434058,50
el,size,rms_deviation,0.329195788226,50
el,size,star_discrepancy,0.265750280569,48
el,size,star_discrepancy_shifted,0.0502449600451,48
el,size,tukey,-0.0165777061146,50
en,checkpoint,aad,0.307701156511,50
en,checkpoint,discrepancy,0.417126033245,48
en,checkpoint,dispersion,0.335156300321,50
en,checkpoint,dispersion_shifted,0.327906218193,50
en,checkpoint,dist_std,0.330229382246,50
en,checkpoint,gini,0.33494319845,50
en,checkpoint,iqr,0.254976351639,50
en,checkpoint,mad,0.220668331935,50
en,checkpoint,mpd,0.31527837126,50
en,checkpoint,mpsd,0.109754223945,50
en,checkpoint,projection,0.0932476147402,50
en,checkpoint,quartile_deviation,0.231641425296,50
en,checkpoint,range,0.335156300321,50
en,checkpoint,rel_dispersion,0.397295592067,50
en,checkpoint,rel_mpd,0.431060098452,50
en,checkpoint,rel_mpsd,0.0879794671164,50
en,checkpoint,rel_star_discrepancy,0.431553142601,48
en,checkpoint,rel_std,0.412490523996,50
en,checkpoint,rms_deviation,0.324373218167,50
en,checkpoint,star_discrepancy,0.460279273981,48
en,checkpoint,star_discrepancy_shifted,0.500147295767,48
en,checkpoint,tukey,0.0567693197354,50
en,size,aad,0.225726697278,50
en,size,discrepancy,0.475361769738,48
en,size,dispersion,0.312017459818,50
en,size,dispersion_shifted,0.433065044956,50
en,size,dist_std,0.311272119162,50
en,size,gini,0.461389999243,50
en,size,iqr,0.113551580325,50
en,size,mad,0.0562330867747,50
en,size,mpd,0.235636157104,50
en,size,mpsd,0.013511674161,50
en,size,projection,0.242008165153,50
en,size,quartile_deviation,0.0772116094903,50
en,size,range,0.312017459818,50
en,size,rel_dispersion,0.488044793584,50
en,size,rel_mpd,0.442942025693,50
en,size,rel_mpsd,0.00569431264949,50
en,size,rel_star_discrepancy,0.527726749865,48
en,size,rel_std,0.479350034546,50
en,size,rms_deviation,0.277965456707,50
en,size,star_discrepancy,0.534068901527,48
en,size,star_discrepancy_shifted,0.659426370352,48
en,size,tukey,0.180418321677,50
es,checkpoint,aad,0.534336699667,50
es,checkpoint,discrepancy,0.465651094194,48
es,checkpoint,dispersion,0.562874130173,50
es,checkpoint,dispersion_shifted,0.499583830344,50
es,checkpoint,dist_std,0.560193297885,50
es,checkpoint,gini,0.368257427247,50
es,checkpoint,iqr,0.456693643739,50
es,checkpoint,mad,0.485453486957,50
es,checkpoint,mpd,0.54203280211,50
es,checkpoint,mpsd,0.43207564817,50
es,checkpoint,projection,-0.0872820108016,50
es,checkpoint,quartile_deviation,0.492132846406,50
es,checkpoint,range,0.562874130173,50
es,checkpoint,rel_dispersion,0.56891717934,50
es,checkpoint,rel_mpd,0.571732261922,50
es,checkpoint,rel_mpsd,0.426431515545,50
es,checkpoint,rel_star_discrepancy,0.486412107994,48
es,checkpoint,rel_std,0.576716279514,50
es,checkpoint,rms_deviation,0.55288034207,50
es,checkpoint,star_discrepancy,0.478127134506,48
es,checkpoint,star_discrepancy_shifted,0.460328807498,48
es,checkpoint,tukey,-0.105155032132,50
es,size,aad,0.459583357959,50
es,size,discrepancy,0.594673382485,48
es,size,dispersion,0.5319995705,50
es,size,dispersion_shifted,0.52921762261,50
es,size,dist_std,0.522788402676,50
es,size,gini,0.400296416134,50
es,size,iqr,0.38807491369,50
es,size,mad,0.390910950395,50
es,size,mpd,0.475505822297,50
es,size,mpsd,0.352056827655,50
es,size,projection,0.0307717615664,50
es,size,quartile_deviation,0.387811269932,50
es,size,range,0.5319995705,50
es,size,rel_dispersion,0.616446766387,50
es,size,rel_mpd,0.569124180406,50
es,size,rel_mpsd,0.364868178322,50
es,size,rel_star_discrepancy,0.62238776231,48
es,size,rel_std,0.594372181645,50
es,size,rms_deviation,0.499957276754,50
es,size,star_discrepancy,0.605225023427,48
es,size,star_discrepancy_shifted,0.642523056862,48
es,size,tukey,0.00838787436546,50
et,checkpoint,aad,0.608329830146,50
et,checkpoint,discrepancy,0.379158016798,48
et,checkpoint,dispersion,0.600739601801,50
et,checkpoint,dispersion_shifted,0.438055299903,50
et,checkpoint,dist_std,0.592996679876,50
et,checkpoint,gini,0.437982646078,50
et,checkpoint,iqr,0.602642027831,50
et,checkpoint,mad,0.592481315971,50
et,checkpoint,mpd,0.607514224004,50
et,checkpoint,mpsd,0.575168056897,50
et,checkpoint,projection,-0.0513316089832,50
et,checkpoint,quartile_deviation,0.622739251319,50
et,checkpoint,range,0.600739601801,50
et,checkpoint,rel_dispersion,0.585844795436,50
et,checkpoint,rel_mpd,0.593451146625,50
et,checkpoint,rel_mpsd,0.590723646962,50
et,checkpoint,rel_star_discrepancy,0.00515096340217,48
et,checkpoint,rel_std,0.590520667602,50
et,checkpoint,rms_deviation,0.603605917512,50
et,checkpoint,star_discrepancy,0.303320300693,48
et,checkpoint,star_discrepancy_shifted,0.280299189946,48
et,checkpoint,tukey,-0.107379387202,50
et,size,aad,0.571039755007,50
et,size,discrepancy,0.391906789511,48
et,size,dispersion,0.544860716475,50
et,size,dispersion_shifted,0.480664460388,50
et,size,dist_std,0.539745106654,50
et,size,gini,0.49542238812,50
et,size,iqr,0.661542619833,50
et,size,mad,0.59588922153,50
et,size,mpd,0.563040481979,50
et,size,mpsd,0.502673297533,50
et,size,projection,-0.0517034851599,50
et,size,quartile_deviation,0.616460837963,50
et,size,range,0.544860716475,50
et,size,rel_dispersion,0.588322461828,50
et,size,rel_mpd,0.610211739321,50
et,size,rel_mpsd,0.539830492871,50
et,size,rel_star_discrepancy,-0.0357909233648,48
et,size,rel_std,0.601372217081,50
et,size,rms_deviation,0.556751705344,50
et,size,star_discrepancy,0.319612296375,48
et,size,star_discrepancy_shifted,0.287930207519,48
et,size,tukey,0.0563194585931,50
fa,checkpoint,aad,0.590092894393,50
fa,checkpoint,discrepancy,0.471208087818,48
fa,checkpoint,dispersion,0.574150894108,50
fa,checkpoint,dispersion_shifted,0.371545773405,50
fa,checkpoint,dist_std,0.576798324118,50
fa,checkpoint,gini,0.347927763369,50
fa,checkpoint,iqr,0.574920019275,50
fa,checkpoint,mad,0.603623513676,50
fa,checkpoint,mpd,0.584854607048,50
fa,checkpoint,mpsd,0.381871439231,50
fa,checkpoint,projection,-0.123026590012,50
fa,checkpoint,quartile_deviation,0.602876942761,50
fa,checkpoint,range,0.574150894108,50
fa,checkpoint,rel_dispersion,0.577318535619,50
fa,checkpoint,rel_mpd,0.597609594489,50
fa,checkpoint,rel_mpsd,0.376165097627,50
fa,checkpoint,rel_star_discrepancy,0.0654984364168,48
fa,checkpoint,rel_std,0.602750746064,50
fa,checkpoint,rms_deviation,0.58202417958,50
fa,checkpoint,star_discrepancy,0.437849576348,48
fa,checkpoint,star_discrepancy_shifted,0.327762966879,48
fa,checkpoint,tukey,-0.086053301353,50
fa,size,aad,0.327407901169,50
fa,size,discrepancy,0.530141923583,48
fa,size,dispersion,0.319191905025,50
fa,size,dispersion_shifted,0.404926645784,50
fa,size,dist_std,0.317680708472,50
fa,size,gini,0.356126308026,50
fa,size,iqr,0.524458989829,50
fa,size,mad,0.356242307256,50
fa,size,mpd,0.316573322816,50
fa,size,mpsd,0.0975529985229,50
fa,size,projection,0.101228080851,50
fa,size,quartile_deviation,0.347131160778,50
fa,size,range,0.319191905025,50
fa,size,rel_dispersion,0.5087613328,50
fa,size,rel_mpd,0.517996126713,50
fa,size,rel_mpsd,0.12834772643,50
fa,size,rel_star_discrepancy,0.197949496584,48
fa,size,rel_std,0.522013368792,50
fa,size,rms_deviation,0.316627850403,50
fa,size,star_discrepancy,0.52629642598,48
fa,size,star_discrepancy_shifted,0.527956799247,48
fa,size,tukey,0.176706404271,50
fi,checkpoint,aad,0.65485872016,50
fi,checkpoint,discrepancy,0.612986556015,48
fi,checkpoint,dispersion,0.637795180862,50
fi,checkpoint,dispersion_shifted,0.506555615466,50
fi,checkpoint,dist_std,0.645095526728,50
fi,checkpoint,gini,0.472984819346,50
fi,checkpoint,iqr,0.609883399575,50
fi,checkpoint,mad,0.605460495663,50
fi,checkpoint,mpd,0.647397626208,50
fi,checkpoint,mpsd,0.5318164005,50
fi,checkpoint,projection,-0.116040348702,50
fi,checkpoint,quartile_deviation,0.655102858188,50
fi,checkpoint,range,0.637795180862,50
fi,checkpoint,rel_dispersion,0.625824720857,50
fi,checkpoint,rel_mpd,0.637567588069,50
fi,checkpoint,rel_mpsd,0.52349492415,50
fi,checkpoint,rel_star_discrepancy,0.270745601638,48
fi,checkpoint,rel_std,0.639064893749,50
fi,checkpoint,rms_deviation,0.647089468715,50
fi,checkpoint,star_discrepancy,0.620750458673,48
fi,checkpoint,star_discrepancy_shifted,0.459458584124,48
fi,checkpoint,tukey,-0.24517316908,50
fi,size,aad,0.566807753841,50
fi,size,discrepancy,0.557895385708,48
fi,size,dispersion,0.548302582307,50
fi,size,dispersion_shifted,0.356336976049,50
fi,size,dist_std,0.557379994886,50
fi,size,gini,0.295759202322,50
fi,size,iqr,0.565476361011,50
fi,size,mad,0.47802842044,50
fi,size,mpd,0.560101962175,50
fi,size,mpsd,0.49364507776,50
fi,size,projection,-0.068523890653,50
fi,size,quartile_deviation,0.55957754513,50
fi,size,range,0.548302582307,50
fi,size,rel_dispersion,0.597480470332,50
fi,size,rel_mpd,0.610729291006,50
fi,size,rel_mpsd,0.527393914278,50
fi,size,rel_star_discrepancy,0.0956540558353,48
fi,size,rel_std,0.61090765197,50
fi,size,rms_deviation,0.559166374422,50
fi,size,star_discrepancy,0.55127510135,48
fi,size,star_discrepancy_shifted,0.126645750342,48
fi,size,tukey,-0.216234301775,50
fr,checkpoint,aad,0.544588435371,50
fr,checkpoint,discrepancy,0.29725431243,48
fr,checkpoint,dispersion,0.54591279059,50
fr,checkpoint,dispersion_shifted,0.416872874075,50
fr,checkpoint,dist_std,0.543564703658,50
fr,checkpoint,gini,0.459334960325,50
fr,checkpoint,iqr,0.542306867302,50
fr,checkpoint,mad,0.54034242937,50
fr,checkpoint,mpd,0.54824826644,50
fr,checkpoint,mpsd,0.399564991248,50
fr,checkpoint,projection,-0.0729314406247,50
fr,checkpoint,quartile_deviation,0.531199183896,50
fr,checkpoint,range,0.54591279059,50
fr,checkpoint,rel_dispersion,0.591131625687,50
fr,checkpoint,rel_mpd,0.614437809646,50
fr,checkpoint,rel_mpsd,0.404796446734,50
fr,checkpoint,rel_star_discrepancy,0.304666093007,48
fr,checkpoint,rel_std,0.616285375506,50
fr,checkpoint,rms_deviation,0.54689859211,50
fr,checkpoint,star_discrepancy,0.328557190669,48
fr,checkpoint,star_discrepancy_shifted,0.334005913616,48
fr,checkpoint,tukey,-0.104461913158,50
fr,size,aad,0.310955823719,50
fr,size,discrepancy,0.366056003761,48
fr,size,dispersion,0.312860620291,50
fr,size,dispersion_shifted,0.371860778982,50
fr,size,dist_std,0.311283611149,50
fr,size,gini,0.409424249381,50
fr,size,iqr,0.498754865781,50
fr,size,mad,0.3134172373,50
fr,size,mpd,0.313643479328,50
fr,size,mpsd,0.166100999652,50
fr,size,projection,0.13291728175,50
fr,size,quartile_deviation,0.304666919986,50
fr,size,range,0.312860620291,50
fr,size,rel_dispersion,0.522131545723,50
fr,size,rel_mpd,0.542443216905,50
fr,size,rel_mpsd,0.214207539493,50
fr,size,rel_star_discrepancy,0.412015058377,48
fr,size,rel_std,0.53719964643,50
fr,size,rms_deviation,0.312865765827,50
fr,size,star_discrepancy,0.396773207022,48
fr,size,star_discrepancy_shifted,0.328528849442,48
fr,size,tukey,0.129482464028,50
he,checkpoint,aad,0.613474711223,50
he,checkpoint,discrepancy,0.363686288931,48
he,checkpoint,dispersion,0.599351507377,50
he,checkpoint,dispersion_shifted,0.34562062066,50
he,checkpoint,dist_std,0.609828594951,50
he,checkpoint,gini,0.329931927147,50
he,checkpoint,iqr,0.611635115053,50
he,checkpoint,mad,0.565913724798,50
he,checkpoint,mpd,0.611849468848,50
he,checkpoint,mpsd,0.511237320225,50
he,checkpoint,projection,-0.188808191142,50
he,checkpoint,quartile_deviation,0.604115335589,50
he,checkpoint,range,0.599351507377,50
he,checkpoint,rel_dispersion,0.609114951475,50
he,checkpoint,rel_mpd,0.630853099659,50
he,checkpoint,rel_mpsd,0.523636236234,50
he,checkpoint,rel_star_discrepancy,-0.0892715906365,48
he,checkpoint,rel_std,0.631015647847,50
he,checkpoint,rms_deviation,0.611729846389,50
he,checkpoint,star_discrepancy,0.288118955121,48
he,checkpoint,star_discrepancy_shifted,0.255118238622,48
he,checkpoint,tukey,-0.202983623915,50
he,size,aad,0.642475609347,50
he,size,discrepancy,0.467444624789,48
he,size,dispersion,0.620426693767,50
he,size,dispersion_shifted,0.510416012173,50
he,size,dist_std,0.632189978431,50
he,size,gini,0.516200144382,50
he,size,iqr,0.738304751504,50
he,size,mad,0.59703828287,50
he,size,mpd,0.639016882816,50
he,size,mpsd,0.467100308924,50
he,size,projection,-0.0540731501938,50
he,size,quartile_deviation,0.649904174447,50
he,size,range,0.620426693767,50
he,size,rel_dispersion,0.698117801333,50
he,size,rel_mpd,0.728324599063,50
he,size,rel_mpsd,0.487150684844,50
he,size,rel_star_discrepancy,0.0169874022494,48
he,size,rel_std,0.720944762379,50
he,size,rms_deviation,0.636833234287,50
he,size,star_discrepancy,0.409397071303,48
he,size,star_discrepancy_shifted,0.395847639157,48
he,size,tukey,-0.061364919474,50
hi,checkpoint,aad,0.526223745342,50
hi,checkpoint,discrepancy,0.385331641685,48
hi,checkpoint,dispersion,0.495510542984,50
hi,checkpoint,dispersion_shifted,0.43097330084,50
hi,checkpoint,dist_std,0.531785982682,50
hi,checkpoint,gini,0.409970214459,50
hi,checkpoint,iqr,0.580388710208,50
hi,checkpoint,mad,0.425025980383,50
hi,checkpoint,mpd,0.517043215976,50
hi,checkpoint,mpsd,0.30144540221,50
hi,checkpoint,projection,0.14709065573,50
hi,checkpoint,quartile_deviation,0.489618950216,50
hi,checkpoint,range,0.495510542984,50
hi,checkpoint,rel_dispersion,0.631773341086,50
hi,checkpoint,rel_mpd,0.644678456205,50
hi,checkpoint,rel_mpsd,0.353596197147,50
hi,checkpoint,rel_star_discrepancy,0.235013013073,48
hi,checkpoint,rel_std,0.6515618395,50
hi,checkpoint,rms_deviation,0.522640467045,50
hi,checkpoint,star_discrepancy,0.372958820861,48
hi,checkpoint,star_discrepancy_shifted,0.379286417365,48
hi,checkpoint,tukey,0.0878760414032,50
hi,size,aad,0.445169050387,50
hi,size,discrepancy,0.401400178379,48
hi,size,dispersion,0.386440624379,50
hi,size,dispersion_shifted,0.490401229106,50
hi,size,dist_std,0.445173628703,50
hi,size,gini,0.480974639302,50
hi,size,iqr,0.552358974795,50
hi,size,mad,0.326627787415,50
hi,size,mpd,0.428178442151,50
hi,size,mpsd,0.181033324834,50
hi,size,projection,0.255229504366,50
hi,size,quartile_deviation,0.406432255308,50
hi,size,range,0.386440624379,50
hi,size,rel_dispersion,0.565125028203,50
hi,size,rel_mpd,0.609951855216,50
hi,size,rel_mpsd,0.233801292695,50
hi,size,rel_star_discrepancy,0.208850844358,48
hi,size,rel_std,0.617444322078,50
hi,size,rms_deviation,0.434468709586,50
hi,size,star_discrepancy,0.417414304398,48
hi,size,star_discrepancy_shifted,0.427356373531,48
hi,size,tukey,0.172998407807,50
hr,checkpoint,aad,0.550927425932,50
hr,checkpoint,discrepancy,0.109056165882,48
hr,checkpoint,dispersion,0.54527296267,50
hr,checkpoint,dispersion_shifted,0.449292977859,50
hr,checkpoint,dist_std,0.534041118373,50
hr,checkpoint,gini,0.459575479834,50
hr,checkpoint,iqr,0.580019681931,50
hr,checkpoint,mad,0.576404907231,50
hr,checkpoint,mpd,0.550972474337,50
hr,checkpoint,mpsd,0.477926039059,50
hr,checkpoint,projection,-0.235846564205,50
hr,checkpoint,quartile_deviation,0.563743835953,50
hr,checkpoint,range,0.54527296267,50
hr,checkpoint,rel_dispersion,0.575342068527,50
hr,checkpoint,rel_mpd,0.580589824849,50
hr,checkpoint,rel_mpsd,0.499642842475,50
hr,checkpoint,rel_star_discrepancy,0.0811411317007,48
hr,checkpoint,rel_std,0.575376297667,50
hr,checkpoint,rms_deviation,0.546757950505,50
hr,checkpoint,star_discrepancy,0.148478711043,48
hr,checkpoint,star_discrepancy_shifted,0.176176124471,48
hr,checkpoint,tukey,-0.100988487119,50
hr,size,aad,0.337569975924,50
hr,size,discrepancy,0.249126861256,48
hr,size,dispersion,0.326628883128,50
hr,size,dispersion_shifted,0.404963179909,50
hr,size,dist_std,0.32810666428,50
hr,size,gini,0.371273294378,50
hr,size,iqr,0.438572636333,50
hr,size,mad,0.376798225984,50
hr,size,mpd,0.3345255994,50
hr,size,mpsd,0.249657261911,50
hr,size,projection,-0.0229444960175,50
hr,size,quartile_deviation,0.352585988522,50
hr,size,range,0.326628883128,50
hr,size,rel_dispersion,0.430732635495,50
hr,size,rel_mpd,0.437487274823,50
hr,size,rel_mpsd,0.288214624916,50
hr,size,rel_star_discrepancy,0.221699662277,48
hr,size,rel_std,0.433233298459,50
hr,size,rms_deviation,0.33248795896,50
hr,size,star_discrepancy,0.283459267649,48
hr,size,star_discrepancy_shifted,0.105098871641,48
hr,size,tukey,0.123001544604,50
hu,checkpoint,aad,0.630142466238,50
hu,checkpoint,discrepancy,0.403180762569,48
hu,checkpoint,dispersion,0.630520852208,50
hu,checkpoint,dispersion_shifted,0.51941726593,50
hu,checkpoint,dist_std,0.631073664294,50
hu,checkpoint,gini,0.447755120612,50
hu,checkpoint,iqr,0.531598610433,50
hu,checkpoint,mad,0.576472745182,50
hu,checkpoint,mpd,0.627571085194,50
hu,checkpoint,mpsd,0.523528962417,50
hu,checkpoint,projection,-0.280496208353,50
hu,checkpoint,quartile_deviation,0.614514874271,50
hu,checkpoint,range,0.630520852208,50
hu,checkpoint,rel_dispersion,0.581741208153,50
hu,checkpoint,rel_mpd,0.580061869155,50
hu,checkpoint,rel_mpsd,0.486400738672,50
hu,checkpoint,rel_star_discrepancy,0.245419972061,48
hu,checkpoint,rel_std,0.585332542375,50
hu,checkpoint,rms_deviation,0.629203214721,50
hu,checkpoint,star_discrepancy,0.409925908461,48
hu,checkpoint,star_discrepancy_shifted,0.387587777627,48
hu,checkpoint,tukey,-0.381182693845,50
hu,size,aad,0.440856446483,50
hu,size,discrepancy,0.323953291932,48
hu,size,dispersion,0.440873493378,50
hu,size,dispersion_shifted,0.318185902653,50
hu,size,dist_std,0.437349166147,50
hu,size,gini,0.244715553481,50
hu,size,iqr,0.396179964676,50
hu,size,mad,0.399687773626,50
hu,size,mpd,0.437992134857,50
hu,size,mpsd,0.381278744236,50
hu,size,projection,-0.206557751044,50
hu,size,quartile_deviation,0.435495297253,50
hu,size,range,0.440873493378,50
hu,size,rel_dispersion,0.421866887977,50
hu,size,rel_mpd,0.419294966875,50
hu,size,rel_mpsd,0.369405806187,50
hu,size,rel_star_discrepancy,0.2792243588,48
hu,size,rel_std,0.421059483953,50
hu,size,rms_deviation,0.437726754544,50
hu,size,star_discrepancy,0.348375810538,48
hu,size,star_discrepancy_shifted,0.360808387517,48
hu,size,tukey,-0.319530132262,50
id,checkpoint,aad,0.518508121825,50
id,checkpoint,discrepancy,0.30581523887,48
id,checkpoint,dispersion,0.539051497196,50
id,checkpoint,dispersion_shifted,0.411655067585,50
id,checkpoint,dist_std,0.538504015593,50
id,checkpoint,gini,0.305307971656,50
id,checkpoint,iqr,0.480849857512,50
id,checkpoint,mad,0.505537844979,50
id,checkpoint,mpd,0.519727715473,50
id,checkpoint,mpsd,0.387487837121,50
id,checkpoint,projection,-0.167257418998,50
id,checkpoint,quartile_deviation,0.506476012225,50
id,checkpoint,range,0.539051497196,50
id,checkpoint,rel_dispersion,0.555269740085,50
id,checkpoint,rel_mpd,0.538168526809,50
id,checkpoint,rel_mpsd,0.371747499907,50
id,checkpoint,rel_star_discrepancy,0.262639165675,48
id,checkpoint,rel_std,0.553686324455,50
id,checkpoint,rms_deviation,0.527823152426,50
id,checkpoint,star_discrepancy,0.332205450425,48
id,checkpoint,star_discrepancy_shifted,0.346840156033,48
id,checkpoint,tukey,-0.17409407673,50
id,size,aad,0.328922243909,50
id,size,discrepancy,0.319611335044,48
id,size,dispersion,0.355127468051,50
id,size,dispersion_shifted,0.419486744372,50
id,size,dist_std,0.353942934793,50
id,size,gini,0.375267396092,50
id,size,iqr,0.451427136035,50
id,size,mad,0.33578248599,50
id,size,mpd,0.328430117824,50
id,size,mpsd,0.186753339245,50
id,size,projection,0.0403852060291,50
id,size,quartile_deviation,0.317711890219,50
id,size,range,0.355127468051,50
id,size,rel_dispersion,0.508172493356,50
id,size,rel_mpd,0.488285367514,50
id,size,rel_mpsd,0.203857186472,50
id,size,rel_star_discrepancy,0.266516187453,48
id,size,rel_std,0.500762312798,50
id,size,rms_deviation,0.33899281003,50
id,size,star_discrepancy,0.363008148894,48
id,size,star_discrepancy_shifted,0.481439993235,48
id,size,tukey,0.0406062105635,50
it,checkpoint,aad,0.553797290502,50
it,checkpoint,discrepancy,0.330248129089,48
it,checkpoint,dispersion,0.538264616891,50
it,checkpoint,dispersion_shifted,0.385300405366,50
it,checkpoint,dist_std,0.539158633087,50
it,checkpoint,gini,0.39446010242,50
it,checkpoint,iqr,0.470568062807,50
it,checkpoint,mad,0.544492990381,50
it,checkpoint,mpd,0.550493557025,50
it,checkpoint,mpsd,0.416254583688,50
it,checkpoint,projection,-0.158706197495,50
it,checkpoint,quartile_deviation,0.540807820015,50
it,checkpoint,range,0.538264616891,50
it,checkpoint,rel_dispersion,0.520938160714,50
it,checkpoint,rel_mpd,0.557072825897,50
it,checkpoint,rel_mpsd,0.392138675797,50
it,checkpoint,rel_star_discrepancy,0.304968379774,48
it,checkpoint,rel_std,0.557151149961,50
it,checkpoint,rms_deviation,0.546515587526,50
it,checkpoint,star_discrepancy,0.345062027509,48
it,checkpoint,star_discrepancy_shifted,0.264102657254,48
it,checkpoint,tukey,-0.197839120804,50
it,size,aad,0.392207102578,50
it,size,discrepancy,0.4337765332,48
it,size,dispersion,0.396997879424,50
it,size,dispersion_shifted,0.47521403867,50
it,size,dist_std,0.387872209333,50
it,size,gini,0.473014176004,50
it,size,iqr,0.43723442849,50
it,size,mad,0.392866826026,50
it,size,mpd,0.388363715187,50
it,size,mpsd,0.20620717279,50
it,size,projection,0.0515529263258,50
it,size,quartile_deviation,0.385303502385,50
it,size,range,0.396997879424,50
it,size,rel_dispersion,0.51584111186,50
it,size,rel_mpd,0.510583899103,50
it,size,rel_mpsd,0.190040261697,50
it,size,rel_star_discrepancy,0.436476974283,48
it,size,rel_std,0.514247858164,50
it,size,rms_deviation,0.38904807722,50
it,size,star_discrepancy,0.435817173711,48
it,size,star_discrepancy_shifted,0.298999317492,48
it,size,tukey,0.0178919902029,50
ja,checkpoint,aad,0.650508005314,50
ja,checkpoint,discrepancy,0.213999557533,48
ja,checkpoint,dispersion,0.650315679978,50
ja,checkpoint,dispersion_shifted,0.418082843892,50
ja,checkpoint,dist_std,0.651098265634,50
ja,checkpoint,gini,0.481319706952,50
ja,checkpoint,iqr,0.590657180826,50
ja,checkpoint,mad,0.637754200669,50
ja,checkpoint,mpd,0.652125822209,50
ja,checkpoint,mpsd,0.489433929106,50
ja,checkpoint,projection,-0.186381153764,50
ja,checkpoint,quartile_deviation,0.63855101007,50
ja,checkpoint,range,0.650315679978,50
ja,checkpoint,rel_dispersion,0.630495963561,50
ja,checkpoint,rel_mpd,0.643144665328,50
ja,checkpoint,rel_mpsd,0.458401474904,50
ja,checkpoint,rel_star_discrepancy,0.174349610462,48
ja,checkpoint,rel_std,0.646746701166,50
ja,checkpoint,rms_deviation,0.652060786342,50
ja,checkpoint,star_discrepancy,0.225478573752,48
ja,checkpoint,star_discrepancy_shifted,0.210694008768,48
ja,checkpoint,tukey,-0.1892958473,50
ja,size,aad,0.415580803061,50
ja,size,discrepancy,0.29499693618,48
ja,size,dispersion,0.412349912211,50
ja,size,dispersion_shifted,0.392362909253,50
ja,size,dist_std,0.420314514138,50
ja,size,gini,0.454214558675,50
ja,size,iqr,0.439810222205,50
ja,size,mad,0.391479224714,50
ja,size,mpd,0.420157243741,50
ja,size,mpsd,0.257228895942,50
ja,size,projection,0.0162659813733,50
ja,size,quartile_deviation,0.394919814312,50
ja,size,range,0.412349912211,50
ja,size,rel_dispersion,0.485994948795,50
ja,size,rel_mpd,0.509898161694,50
ja,size,rel_mpsd,0.249136434353,50
ja,size,rel_star_discrepancy,0.237195242274,48
ja,size,rel_std,0.51219590485,50
ja,size,rms_deviation,0.420404021146,50
ja,size,star_discrepancy,0.317823825422,48
ja,size,star_discrepancy_shifted,0.120294850825,48
ja,size,tukey,0.0116602191344,50
ka,checkpoint,aad,0.666402666312,50
ka,checkpoint,discrepancy,-0.10393685133,48
ka,checkpoint,dispersion,0.645289804572,50
ka,checkpoint,dispersion_shifted,0.495864074623,50
ka,checkpoint,dist_std,0.66428385665,50
ka,checkpoint,gini,0.495783025163,50
ka,checkpoint,iqr,0.723059891552,50
ka,checkpoint,mad,0.56462303415,50
ka,checkpoint,mpd,0.663894057497,50
ka,checkpoint,mpsd,0.540937524117,50
ka,checkpoint,projection,-0.00253778538447,50
ka,checkpoint,quartile_deviation,0.651050052504,50
ka,checkpoint,range,0.645289804572,50
ka,checkpoint,rel_dispersion,0.736164411863,50
ka,checkpoint,rel_mpd,0.751659611925,50
ka,checkpoint,rel_mpsd,0.609765811339,50
ka,checkpoint,rel_star_discrepancy,-0.0471687607992,48
ka,checkpoint,rel_std,0.749542643844,50
ka,checkpoint,rms_deviation,0.664640922063,50
ka,checkpoint,star_discrepancy,-0.0936394008757,48
ka,checkpoint,star_discrepancy_shifted,-0.223915277463,48
ka,checkpoint,tukey,-0.034017329742,50
ka,size,aad,0.582106103462,50
ka,size,discrepancy,-0.237994287079,48
ka,size,dispersion,0.541976108789,50
ka,size,dispersion_shifted,0.374212035315,50
ka,size,dist_std,0.574901691202,50
ka,size,gini,0.365492803542,50
ka,size,iqr,0.730129891505,50
ka,size,mad,0.500605153465,50
ka,size,mpd,0.572420293496,50
ka,size,mpsd,0.491150617608,50
ka,size,projection,0.0223420683758,50
ka,size,quartile_deviation,0.598809494707,50
ka,size,range,0.541976108789,50
ka,size,rel_dispersion,0.67405247373,50
ka,size,rel_mpd,0.705215470231,50
ka,size,rel_mpsd,0.588447722294,50
ka,size,rel_star_discrepancy,-0.327485411103,48
ka,size,rel_std,0.70495567267,50
ka,size,rms_deviation,0.573293808026,50
ka,size,star_discrepancy,-0.290359525052,48
ka,size,star_discrepancy_shifted,-0.228481268524,48
ka,size,tukey,-0.0172935930953,50
kk,checkpoint,aad,0.527348036693,50
kk,checkpoint,discrepancy,0.180776860042,48
kk,checkpoint,dispersion,0.517159390179,50
kk,checkpoint,dispersion_shifted,0.377693010758,50
kk,checkpoint,dist_std,0.517955806161,50
kk,checkpoint,gini,0.408918164095,50
kk,checkpoint,iqr,0.532246354977,50
kk,checkpoint,mad,0.52045317463,50
kk,checkpoint,mpd,0.523733900504,50
kk,checkpoint,mpsd,0.465377999498,50
kk,checkpoint,projection,-0.250683105678,50
kk,checkpoint,quartile_deviation,0.534383492372,50
kk,checkpoint,range,0.517159390179,50
kk,checkpoint,rel_dispersion,0.524357276486,50
kk,checkpoint,rel_mpd,0.529589974999,50
kk,checkpoint,rel_mpsd,0.484279268255,50
kk,checkpoint,rel_star_discrepancy,-0.0815059257036,48
kk,checkpoint,rel_std,0.526485704818,50
kk,checkpoint,rms_deviation,0.522085999688,50
kk,checkpoint,star_discrepancy,0.0598758055913,48
kk,checkpoint,star_discrepancy_shifted,0.0469167145947,48
kk,checkpoint,tukey,-0.028221166641,50
kk,size,aad,0.572624564724,50
kk,size,discrepancy,-0.00939568555871,48
kk,size,dispersion,0.543418991147,50
kk,size,dispersion_shifted,0.426844862165,50
kk,size,dist_std,0.555629325818,50
kk,size,gini,0.460161101625,50
kk,size,iqr,0.649282733089,50
kk,size,mad,0.602249124306,50
kk,size,mpd,0.559644100617,50
kk,size,mpsd,0.490902282995,50
kk,size,projection,-0.299988267344,50
kk,size,quartile_deviation,0.59866393738,50
kk,size,range,0.543418991147,50
kk,size,rel_dispersion,0.604663029156,50
kk,size,rel_mpd,0.620383035243,50
kk,size,rel_mpsd,0.536694402965,50
kk,size,rel_star_discrepancy,-0.277756439774,48
kk,size,rel_std,0.61845419552,50
kk,size,rms_deviation,0.558954592038,50
kk,size,star_discrepancy,-0.146713677705,48
kk,size,star_discrepancy_shifted,-0.111809297525,48
kk,size,tukey,0.0289349014533,50
ko,checkpoint,aad,0.630696335924,50
ko,checkpoint,discrepancy,0.0307258399608,48
ko,checkpoint,dispersion,0.607788603457,50
ko,checkpoint,dispersion_shifted,0.349839653653,50
ko,checkpoint,dist_std,0.620056182244,50
ko,checkpoint,gini,0.388675387492,50
ko,checkpoint,iqr,0.525582284551,50
ko,checkpoint,mad,0.593768261474,50
ko,checkpoint,mpd,0.623813152494,50
ko,checkpoint,mpsd,0.497642258602,50
ko,checkpoint,projection,-0.330724719216,50
ko,checkpoint,quartile_deviation,0.633070479306,50
ko,checkpoint,range,0.607788603457,50
ko,checkpoint,rel_dispersion,0.493630979103,50
ko,checkpoint,rel_mpd,0.541120231314,50
ko,checkpoint,rel_mpsd,0.433650374933,50
ko,checkpoint,rel_star_discrepancy,0.0300051522388,48
ko,checkpoint,rel_std,0.550672835241,50
ko,checkpoint,rms_deviation,0.622836137993,50
ko,checkpoint,star_discrepancy,0.0363876672971,48
ko,checkpoint,star_discrepancy_shifted,0.0572422736735,48
ko,checkpoint,tukey,-0.353450642864,50
ko,size,aad,0.577462493573,50
ko,size,discrepancy,0.0469633405264,48
ko,size,dispersion,0.528893726568,50
ko,size,dispersion_shifted,0.200149722867,50
ko,size,dist_std,0.558087912498,50
ko,size,gini,0.245667179888,50
ko,size,iqr,0.515669630196,50
ko,size,mad,0.544486361707,50
ko,size,mpd,0.559836270141,50
ko,size,mpsd,0.496362167334,50
ko,size,projection,-0.327058180819,50
ko,size,quartile_deviation,0.580383335399,50
ko,size,range,0.528893726568,50
ko,size,rel_dispersion,0.434088787289,50
ko,size,rel_mpd,0.513247448223,50
ko,size,rel_mpsd,0.470678710591,50
ko,size,rel_star_discrepancy,0.0275990633572,48
ko,size,rel_std,0.527033753631,50
ko,size,rms_deviation,0.559831740951,50
ko,size,star_discrepancy,0.0725575778647,48
ko,size,star_discrepancy_shifted,0.105845762982,48
ko,size,tukey,-0.33934677712,50
lt,checkpoint,aad,0.561248775646,50
lt,checkpoint,discrepancy,0.311945145696,48
lt,checkpoint,dispersion,0.559339493037,50
lt,checkpoint,dispersion_shifted,0.433709413045,50
lt,checkpoint,dist_std,0.551703341581,50
lt,checkpoint,gini,0.448866807467,50
lt,checkpoint,iqr,0.577524755961,50
lt,checkpoint,mad,0.578129071561,50
lt,checkpoint,mpd,0.563293283788,50
lt,checkpoint,mpsd,0.500570426057,50
lt,checkpoint,projection,-0.255548573208,50
lt,checkpoint,quartile_deviation,0.57085873437,50
lt,checkpoint,range,0.559339493037,50
lt,checkpoint,rel_dispersion,0.576242202911,50
lt,checkpoint,rel_mpd,0.579602890417,50
lt,checkpoint,rel_mpsd,0.514238341177,50
lt,checkpoint,rel_star_discrepancy,0.17047736883,48
lt,checkpoint,rel_std,0.576141557846,50
lt,checkpoint,rms_deviation,0.560175485132,50
lt,checkpoint,star_discrepancy,0.309411165719,48
lt,checkpoint,star_discrepancy_shifted,0.201430573402,48
lt,checkpoint,tukey,-0.129816116858,50
lt,size,aad,0.647965753078,50
lt,size,discrepancy,0.285827620478,48
lt,size,dispersion,0.640470561995,50
lt,size,dispersion_shifted,0.503772393575,50
lt,size,dist_std,0.648546668402,50
lt,size,gini,0.529331784521,50
lt,size,iqr,0.634866736894,50
lt,size,mad,0.638986393503,50
lt,size,mpd,0.645922888223,50
lt,size,mpsd,0.576774901549,50
lt,size,projection,-0.360800417776,50
lt,size,quartile_deviation,0.654243767025,50
lt,size,range,0.640470561995,50
lt,size,rel_dispersion,0.626433994194,50
lt,size,rel_mpd,0.63305889906,50
lt,size,rel_mpsd,0.578132321838,50
lt,size,rel_star_discrepancy,-0.251169940958,48
lt,size,rel_std,0.634375289767,50
lt,size,rms_deviation,0.646607243153,50
lt,size,star_discrepancy,0.189078573076,48
lt,size,star_discrepancy_shifted,0.211927794655,48
lt,size,tukey,-0.237649704278,50
lv,checkpoint,aad,0.730555125357,50
lv,checkpoint,dispersion,0.726723154424,50
lv,checkpoint,dispersion_shifted,0.441407777804,50
lv,checkpoint,dist_std,0.715123153115,50
lv,checkpoint,gini,0.403421418284,50
lv,checkpoint,iqr,0.742668969187,50
lv,checkpoint,mad,0.680662680102,50
lv,checkpoint,mpd,0.731054933927,50
lv,checkpoint,mpsd,0.666129374349,50
lv,checkpoint,projection,-0.274740944364,50
lv,checkpoint,quartile_deviation,0.738689843418,50
lv,checkpoint,range,0.726723154424,50
lv,checkpoint,rel_dispersion,0.742297550003,50
lv,checkpoint,rel_mpd,0.745959068584,50
lv,checkpoint,rel_mpsd,0.688902272787,50
lv,checkpoint,rel_std,0.740832490787,50
lv,checkpoint,rms_deviation,0.726926283096,50
lv,checkpoint,tukey,-0.0589757884994,50
lv,size,aad,0.740319961981,50
lv,size,dispersion,0.721617344048,50
lv,size,dispersion_shifted,0.603143360798,50
lv,size,dist_std,0.733138503239,50
lv,size,gini,0.574917042449,50
lv,size,iqr,0.79238997582,50
lv,size,mad,0.653515996597,50
lv,size,mpd,0.731448224295,50
lv,size,mpsd,0.624681978101,50
lv,size,projection,-0.283948870916,50
lv,size,quartile_deviation,0.757493240264,50
lv,size,range,0.721617344048,50
lv,size,rel_dispersion,0.765873984315,50
lv,size,rel_mpd,0.77606768133,50
lv,size,rel_mpsd,0.65090983739,50
lv,size,rel_std,0.776215610752,50
lv,size,rms_deviation,0.732714616236,50
lv,size,tukey,0.00900639357014,50
ml,checkpoint,aad,0.539566090843,50
ml,checkpoint,discrepancy,0.0118937953136,48
ml,checkpoint,dispersion,0.511836013933,50
ml,checkpoint,dispersion_shifted,0.411605973451,50
ml,checkpoint,dist_std,0.533134184102,50
ml,checkpoint,gini,0.363533238743,50
ml,checkpoint,iqr,0.595161083173,50
ml,checkpoint,mad,0.488211646206,50
ml,checkpoint,mpd,0.532901321972,50
ml,checkpoint,mpsd,0.355908911967,50
ml,checkpoint,projection,0.0206229120594,50
ml,checkpoint,quartile_deviation,0.53202371037,50
ml,checkpoint,range,0.511836013933,50
ml,checkpoint,rel_dispersion,0.617758794347,50
ml,checkpoint,rel_mpd,0.63420512579,50
ml,checkpoint,rel_mpsd,0.401758747901,50
ml,checkpoint,rel_star_discrepancy,0.0159467881362,48
ml,checkpoint,rel_std,0.635452799359,50
ml,checkpoint,rms_deviation,0.533232907431,50
ml,checkpoint,star_discrepancy,0.00807819351925,48
ml,checkpoint,star_discrepancy_shifted,0.0355929629383,48
ml,checkpoint,tukey,0.0149932755284,50
ml,size,aad,0.575657114493,50
ml,size,discrepancy,-0.159872410875,48
ml,size,dispersion,0.524312130829,50
ml,size,dispersion_shifted,0.434409973825,50
ml,size,dist_std,0.555517402696,50
ml,size,gini,0.370224429064,50
ml,size,iqr,0.699998867693,50
ml,size,mad,0.551111516674,50
ml,size,mpd,0.562657215101,50
ml,size,mpsd,0.373006160325,50
ml,size,projection,0.0461737794576,50
ml,size,quartile_deviation,0.593448286713,50
ml,size,range,0.524312130829,50
ml,size,rel_dispersion,0.656789060983,50
ml,size,rel_mpd,0.69828228886,50
ml,size,rel_mpsd,0.433003560376,50
ml,size,rel_star_discrepancy,-0.156654078145,48
ml,size,rel_std,0.695329632386,50
ml,size,rms_deviation,0.560162547461,50
ml,size,star_discrepancy,-0.164238364044,48
ml,size,star_discrepancy_shifted,-0.374376437749,48
ml,size,tukey,0.0560863155,50
mr,checkpoint,aad,0.533031346186,50
mr,checkpoint,discrepancy,-0.108109147519,48
mr,checkpoint,dispersion,0.518132742423,50
mr,checkpoint,dispersion_shifted,0.377016211967,50
mr,checkpoint,dist_std,0.526638918374,50
mr,checkpoint,gini,0.363725556215,50
mr,checkpoint,iqr,0.535245938985,50
mr,checkpoint,mad,0.528090254115,50
mr,checkpoint,mpd,0.526849763766,50
mr,checkpoint,mpsd,0.420522666898,50
mr,checkpoint,projection,-0.164107844766,50
mr,checkpoint,quartile_deviation,0.538965037711,50
mr,checkpoint,range,0.518132742423,50
mr,checkpoint,rel_dispersion,0.560342573233,50
mr,checkpoint,rel_mpd,0.556783987813,50
mr,checkpoint,rel_mpsd,0.464097089204,50
mr,checkpoint,rel_star_discrepancy,-0.275783758473,48
mr,checkpoint,rel_std,0.553346427324,50
mr,checkpoint,rms_deviation,0.527450188605,50
mr,checkpoint,star_discrepancy,-0.19553729952,48
mr,checkpoint,star_discrepancy_shifted,-0.272231716481,48
mr,checkpoint,tukey,0.121027753296,50
mr,size,aad,0.514803436597,50
mr,size,discrepancy,0.040356047491,48
mr,size,dispersion,0.48285741824,50
mr,size,dispersion_shifted,0.414271670431,50
mr,size,dist_std,0.489691751223,50
mr,size,gini,0.39927024685,50
mr,size,iqr,0.566124066617,50
mr,size,mad,0.567816299905,50
mr,size,mpd,0.503453656384,50
mr,size,mpsd,0.37583410426,50
mr,size,projection,-0.166500965926,50
mr,size,quartile_deviation,0.554699533997,50
mr,size,range,0.48285741824,50
mr,size,rel_dispersion,0.530993037059,50
mr,size,rel_mpd,0.542929675831,50
mr,size,rel_mpsd,0.416886285168,50
mr,size,rel_star_discrepancy,-0.306134637832,48
mr,size,rel_std,0.531838124337,50
mr,size,rms_deviation,0.499731940893,50
mr,size,star_discrepancy,-0.1337252108,48
mr,size,star_discrepancy_shifted,-0.0798149149456,48
mr,size,tukey,0.173668177554,50
ms,checkpoint,aad,0.502680691504,50
ms,checkpoint,discrepancy,0.00224837819156,48
ms,checkpoint,dispersion,0.490580446872,50
ms,checkpoint,dispersion_shifted,0.275884705884,50
ms,checkpoint,dist_std,0.492573225974,50
ms,checkpoint,gini,0.279088983251,50
ms,checkpoint,iqr,0.520665482132,50
ms,checkpoint,mad,0.508609684936,50
ms,checkpoint,mpd,0.498253875817,50
ms,checkpoint,mpsd,0.463052610998,50
ms,checkpoint,projection,-0.322266615275,50
ms,checkpoint,quartile_deviation,0.516721893377,50
ms,checkpoint,range,0.490580446872,50
ms,checkpoint,rel_dispersion,0.498550645028,50
ms,checkpoint,rel_mpd,0.507890469323,50
ms,checkpoint,rel_mpsd,0.478503220449,50
ms,checkpoint,rel_star_discrepancy,0.0237304385737,48
ms,checkpoint,rel_std,0.507013293203,50
ms,checkpoint,rms_deviation,0.496723969903,50
ms,checkpoint,star_discrepancy,-0.0171115661884,48
ms,checkpoint,star_discrepancy_shifted,-0.0609259747887,48
ms,checkpoint,tukey,-0.147118484756,50
ms,size,aad,0.618886228047,50
ms,size,discrepancy,-0.0938883478162,48
ms,size,dispersion,0.606199484923,50
ms,size,dispersion_shifted,0.295633296938,50
ms,size,dist_std,0.610518971512,50
ms,size,gini,0.281957579945,50
ms,size,iqr,0.571057271728,50
ms,size,mad,0.610954622516,50
ms,size,mpd,0.613429632302,50
ms,size,mpsd,0.585841759139,50
ms,size,projection,-0.479574442167,50
ms,size,quartile_deviation,0.627279230792,50
ms,size,range,0.606199484923,50
ms,size,rel_dispersion,0.542452536143,50
ms,size,rel_mpd,0.554453202671,50
ms,size,rel_mpsd,0.577910814681,50
ms,size,rel_star_discrepancy,-0.0658289713724,48
ms,size,rel_std,0.556389241802,50
ms,size,rms_deviation,0.613089593952,50
ms,size,star_discrepancy,-0.12262300363,48
ms,size,star_discrepancy_shifted,-0.175225583283,48
ms,size,tukey,-0.302579304807,50
ne,checkpoint,aad,0.447066139152,50
ne,checkpoint,discrepancy,0.0758480170561,48
ne,checkpoint,dispersion,0.425723310456,50
ne,checkpoint,dispersion_shifted,0.320982601122,50
ne,checkpoint,dist_std,0.436453387155,50
ne,checkpoint,gini,0.338123592963,50
ne,checkpoint,iqr,0.485111636353,50
ne,checkpoint,mad,0.45807653317,50
ne,checkpoint,mpd,0.437732934468,50
ne,checkpoint,mpsd,0.326537805169,50
ne,checkpoint,projection,-0.0993766750546,50
ne,checkpoint,quartile_deviation,0.462842468784,50
ne,checkpoint,range,0.425723310456,50
ne,checkpoint,rel_dispersion,0.490124756209,50
ne,checkpoint,rel_mpd,0.493358165971,50
ne,checkpoint,rel_mpsd,0.359427458389,50
ne,checkpoint,rel_star_discrepancy,0.0825621223058,48
ne,checkpoint,rel_std,0.49105684139,50
ne,checkpoint,rms_deviation,0.437537249588,50
ne,checkpoint,star_discrepancy,0.0764569813631,48
ne,checkpoint,star_discrepancy_shifted,0.0418874960448,48
ne,checkpoint,tukey,0.0774129538825,50
ne,size,aad,0.553659685726,50
ne,size,discrepancy,0.0520704194705,48
ne,size,dispersion,0.519987805587,50
ne,size,dispersion_shifted,0.420693247376,50
ne,size,dist_std,0.523539177495,50
ne,size,gini,0.439288132181,50
ne,size,iqr,0.63662952696,50
ne,size,mad,0.593206220309,50
ne,size,mpd,0.540086363885,50
ne,size,mpsd,0.387564353999,50
ne,size,projection,-0.126729970857,50
ne,size,quartile_deviation,0.59339372108,50
ne,size,range,0.519987805587,50
ne,size,rel_dispersion,0.609695322347,50
ne,size,rel_mpd,0.620726121107,50
ne,size,rel_mpsd,0.429632861725,50
ne,size,rel_star_discrepancy,0.0561682101747,48
ne,size,rel_std,0.611344522951,50
ne,size,rms_deviation,0.535832909636,50
ne,size,star_discrepancy,0.049058391447,48
ne,size,star_discrepancy_shifted,-0.0455508649036,48
ne,size,tukey,0.120390458851,50
nl,checkpoint,aad,0.540708344105,50
nl,checkpoint,discrepancy,0.430874476814,48
nl,checkpoint,dispersion,0.564157845748,50
nl,checkpoint,dispersion_shifted,0.386452302056,50
nl,checkpoint,dist_std,0.564906784767,50
nl,checkpoint,gini,0.284487041116,50
nl,checkpoint,iqr,0.483259832905,50
nl,checkpoint,mad,0.488210168419,50
nl,checkpoint,mpd,0.543470105653,50
nl,checkpoint,mpsd,0.431409969809,50
nl,checkpoint,projection,-0.146610168293,50
nl,checkpoint,quartile_deviation,0.497309721862,50
nl,checkpoint,range,0.564157845748,50
nl,checkpoint,rel_dispersion,0.595945093461,50
nl,checkpoint,rel_mpd,0.578225304821,50
nl,checkpoint,rel_mpsd,0.435625388666,50
nl,checkpoint,rel_star_discrepancy,0.352747222254,48
nl,checkpoint,rel_std,0.591332028294,50
nl,checkpoint,rms_deviation,0.552928891543,50
nl,checkpoint,star_discrepancy,0.458039262707,48
nl,checkpoint,star_discrepancy_shifted,0.518174040419,48
nl,checkpoint,tukey,-0.190607606763,50
nl,size,aad,0.27577689217,50
nl,size,discrepancy,0.397648905241,48
nl,size,dispersion,0.323975400512,50
nl,size,dispersion_shifted,0.346194727316,50
nl,size,dist_std,0.330942260407,50
nl,size,gini,0.254849801437,50
nl,size,iqr,0.2982150747,50
nl,size,mad,0.194514085854,50
nl,size,mpd,0.279610049251,50
nl,size,mpsd,0.181495700826,50
nl,size,projection,0.0952061338976,50
nl,size,quartile_deviation,0.204178346233,50
nl,size,range,0.323975400512,50
nl,size,rel_dispersion,0.496986461098,50
nl,size,rel_mpd,0.442358237032,50
nl,size,rel_mpsd,0.220283027411,50
nl,size,rel_star_discrepancy,0.447331106029,48
nl,size,rel_std,0.47465643169,50
nl,size,rms_deviation,0.301146498436,50
nl,size,star_discrepancy,0.477752367553,48
nl,size,star_discrepancy_shifted,0.648120590564,48
nl,size,tukey,0.0270966568133,50
no,checkpoint,aad,0.553912782094,50
no,checkpoint,discrepancy,-0.137370290778,48
no,checkpoint,dispersion,0.54626863742,50
no,checkpoint,dispersion_shifted,0.497862441272,50
no,checkpoint,dist_std,0.549976195078,50
no,checkpoint,gini,0.436226209549,50
no,checkpoint,iqr,0.507075949956,50
no,checkpoint,mad,0.501926241995,50
no,checkpoint,mpd,0.548798251508,50
no,checkpoint,mpsd,0.370576748597,50
no,checkpoint,projection,-0.06112546679,50
no,checkpoint,quartile_deviation,0.548999267332,50
no,checkpoint,range,0.54626863742,50
no,checkpoint,rel_dispersion,0.523055204954,50
no,checkpoint,rel_mpd,0.532232606368,50
no,checkpoint,rel_mpsd,0.320766528224,50
no,checkpoint,rel_star_discrepancy,-0.095340500528,48
no,checkpoint,rel_std,0.530411490075,50
no,checkpoint,rms_deviation,0.549167606728,50
no,checkpoint,star_discrepancy,-0.13178982207,48
no,checkpoint,star_discrepancy_shifted,0.109182103653,48
no,checkpoint,tukey,-0.214179758272,50
no,size,aad,0.605962851693,50
no,size,discrepancy,-0.199374221956,48
no,size,dispersion,0.576203483274,50
no,size,dispersion_shifted,0.328416059245,50
no,size,dist_std,0.595747546636,50
no,size,gini,0.210545823749,50
no,size,iqr,0.536020313828,50
no,size,mad,0.526032725376,50
no,size,mpd,0.58573959842,50
no,size,mpsd,0.482862046932,50
no,size,projection,-0.219259605121,50
no,size,quartile_deviation,0.60925282867,50
no,size,range,0.576203483274,50
no,size,rel_dispersion,0.49472091382,50
no,size,rel_mpd,0.516783261409,50
no,size,rel_mpsd,0.444727816656,50
no,size,rel_star_discrepancy,-0.217247561117,48
no,size,rel_std,0.527644775458,50
no,size,rms_deviation,0.589181579638,50
no,size,star_discrepancy,-0.156527705515,48
no,size,star_discrepancy_shifted,0.275040174057,48
no,size,tukey,-0.403363093018,50
pl,checkpoint,aad,0.486088442951,50
pl,checkpoint,discrepancy,0.413166376348,48
pl,checkpoint,dispersion,0.504583578889,50
pl,checkpoint,dispersion_shifted,0.264873534109,50
pl,checkpoint,dist_std,0.504112984526,50
pl,checkpoint,gini,0.18059361006,50
pl,checkpoint,iqr,0.34598883822,50
pl,checkpoint,mad,0.452752144813,50
pl,checkpoint,mpd,0.490555707618,50
pl,checkpoint,mpsd,0.404712826613,50
pl,checkpoint,projection,-0.252820242274,50
pl,checkpoint,quartile_deviation,0.465224230752,50
pl,checkpoint,range,0.504583578889,50
pl,checkpoint,rel_dispersion,0.467542367407,50
pl,checkpoint,rel_mpd,0.444173345221,50
pl,checkpoint,rel_mpsd,0.374805164247,50
pl,checkpoint,rel_star_discrepancy,0.202227155628,48
pl,checkpoint,rel_std,0.464727984856,50
pl,checkpoint,rms_deviation,0.496211625757,50
pl,checkpoint,star_discrepancy,0.394146157787,48
pl,checkpoint,star_discrepancy_shifted,0.381733544952,48
pl,checkpoint,tukey,-0.316059884909,50
pl,size,aad,0.271463735581,50
pl,size,discrepancy,0.213979869155,48
pl,size,dispersion,0.30798062448,50
pl,size,dispersion_shifted,0.22202143376,50
pl,size,dist_std,0.307253819293,50
pl,size,gini,0.131098023056,50
pl,size,iqr,0.186633996904,50
pl,size,mad,0.232103284412,50
pl,size,mpd,0.278717395366,50
pl,size,mpsd,0.21090776455,50
pl,size,projection,-0.0990369752141,50
pl,size,quartile_deviation,0.247901096456,50
pl,size,range,0.30798062448,50
pl,size,rel_dispersion,0.337849394596,50
pl,size,rel_mpd,0.280081665375,50
pl,size,rel_mpsd,0.193459061305,50
pl,size,rel_star_discrepancy,-0.00281229458985,48
pl,size,rel_std,0.312251806248,50
pl,size,rms_deviation,0.289676934704,50
pl,size,star_discrepancy,0.166719588716,48
pl,size,star_discrepancy_shifted,0.11552050081,48
pl,size,tukey,-0.168624877447,50
pt,checkpoint,aad,0.481915829887,50
pt,checkpoint,discrepancy,0.380086003342,48
pt,checkpoint,dispersion,0.496855228147,50
pt,checkpoint,dispersion_shifted,0.398910520962,50
pt,checkpoint,dist_std,0.488178046396,50
pt,checkpoint,gini,0.347995781158,50
pt,checkpoint,iqr,0.434017318282,50
pt,checkpoint,mad,0.46038932814,50
pt,checkpoint,mpd,0.488595807774,50
pt,checkpoint,mpsd,0.341376783204,50
pt,checkpoint,projection,-0.113341801014,50
pt,checkpoint,quartile_deviation,0.461959653332,50
pt,checkpoint,range,0.496855228147,50
pt,checkpoint,rel_dispersion,0.516359688469,50
pt,checkpoint,rel_mpd,0.522339368636,50
pt,checkpoint,rel_mpsd,0.318662242436,50
pt,checkpoint,rel_star_discrepancy,0.357788490608,48
pt,checkpoint,rel_std,0.524566507998,50
pt,checkpoint,rms_deviation,0.488784367394,50
pt,checkpoint,star_discrepancy,0.403842762877,48
pt,checkpoint,star_discrepancy_shifted,0.344138743312,48
pt,checkpoint,tukey,-0.130307972781,50
pt,size,aad,0.31153634021,50
pt,size,discrepancy,0.39979925324,48
pt,size,dispersion,0.355681903783,50
pt,size,dispersion_shifted,0.439775455271,50
pt,size,dist_std,0.334650045495,50
pt,size,gini,0.368805898725,50
pt,size,iqr,0.324662016289,50
pt,size,mad,0.278197561775,50
pt,size,mpd,0.328194231765,50
pt,size,mpsd,0.1558574851,50
pt,size,projection,0.0974130926539,50
pt,size,quartile_deviation,0.273561389899,50
pt,size,range,0.355681903783,50
pt,size,rel_dispersion,0.493052249245,50
pt,size,rel_mpd,0.464049939694,50
pt,size,rel_mpsd,0.148970504649,50
pt,size,rel_star_discrepancy,0.430482890061,48
pt,size,rel_std,0.466790965956,50
pt,size,rms_deviation,0.330530342139,50
pt,size,star_discrepancy,0.447591358149,48
pt,size,star_discrepancy_shifted,0.293888017967,48
pt,size,tukey,0.053522028814,50
ro,checkpoint,aad,0.553518095176,50
ro,checkpoint,discrepancy,0.398075516728,48
ro,checkpoint,dispersion,0.548365870396,50
ro,checkpoint,dispersion_shifted,0.339428023228,50
ro,checkpoint,dist_std,0.557518820027,50
ro,checkpoint,gini,0.30009457909,50
ro,checkpoint,iqr,0.446655185543,50
ro,checkpoint,mad,0.464174570137,50
ro,checkpoint,mpd,0.551399285629,50
ro,checkpoint,mpsd,0.401028547886,50
ro,checkpoint,projection,-0.177965571681,50
ro,checkpoint,quartile_deviation,0.531332131959,50
ro,checkpoint,range,0.548365870396,50
ro,checkpoint,rel_dispersion,0.492872555991,50
ro,checkpoint,rel_mpd,0.512444049278,50
ro,checkpoint,rel_mpsd,0.36302436565,50
ro,checkpoint,rel_star_discrepancy,0.251170966289,48
ro,checkpoint,rel_std,0.519081524237,50
ro,checkpoint,rms_deviation,0.554239921214,50
ro,checkpoint,star_discrepancy,0.404984393736,48
ro,checkpoint,star_discrepancy_shifted,0.392877261406,48
ro,checkpoint,tukey,-0.263137287831,50
ro,size,aad,0.299023916617,50
ro,size,discrepancy,0.309893543111,48
ro,size,dispersion,0.300113309602,50
ro,size,dispersion_shifted,0.197806411454,50
ro,size,dist_std,0.322031757465,50
ro,size,gini,0.166121623985,50
ro,size,iqr,0.423390823536,50
ro,size,mad,0.161486756305,50
ro,size,mpd,0.291434253491,50
ro,size,mpsd,0.213663228227,50
ro,size,projection,0.0430606698947,50
ro,size,quartile_deviation,0.271590276208,50
ro,size,range,0.300113309602,50
ro,size,rel_dispersion,0.513905812821,50
ro,size,rel_mpd,0.507991441334,50
ro,size,rel_mpsd,0.277311422894,50
ro,size,rel_star_discrepancy,0.474417183716,48
ro,size,rel_std,0.528231415996,50
ro,size,rms_deviation,0.303041908241,50
ro,size,star_discrepancy,0.394228834811,48
ro,size,star_discrepancy_shifted,0.49391161023,48
ro,size,tukey,-0.0423761592974,50
ru,checkpoint,aad,0.635595638465,50
ru,checkpoint,discrepancy,0.520446745825,48
ru,checkpoint,dispersion,0.662194607548,50
ru,checkpoint,dispersion_shifted,0.540295911131,50
ru,checkpoint,dist_std,0.659244207001,50
ru,checkpoint,gini,0.537418225582,50
ru,checkpoint,iqr,0.697297280987,50
ru,checkpoint,mad,0.576472257624,50
ru,checkpoint,mpd,0.648002279402,50
ru,checkpoint,mpsd,0.432407217653,50
ru,checkpoint,projection,0.204649537442,50
ru,checkpoint,quartile_deviation,0.564590176913,50
ru,checkpoint,range,0.662194607548,50
ru,checkpoint,rel_dispersion,0.749918971382,50
ru,checkpoint,rel_mpd,0.75674418566,50
ru,checkpoint,rel_mpsd,0.515094991948,50
ru,checkpoint,rel_star_discrepancy,0.48726998884,48
ru,checkpoint,rel_std,0.756843193957,50
ru,checkpoint,rms_deviation,0.652779310064,50
ru,checkpoint,star_discrepancy,0.545175697986,48
ru,checkpoint,star_discrepancy_shifted,0.529498586141,48
ru,checkpoint,tukey,0.186292634149,50
ru,size,aad,0.452963616638,50
ru,size,discrepancy,0.583638189508,48
ru,size,dispersion,0.504607602757,50
ru,size,dispersion_shifted,0.652004335135,50
ru,size,dist_std,0.496615929504,50
ru,size,gini,0.637096969345,50
ru,size,iqr,0.665706943617,50
ru,size,mad,0.366151726837,50
ru,size,mpd,0.472789003116,50
ru,size,mpsd,0.188467682882,50
ru,size,projection,0.47159300298,50
ru,size,quartile_deviation,0.350609147127,50
ru,size,range,0.504607602757,50
ru,size,rel_dispersion,0.767201436109,50
ru,size,rel_mpd,0.756692769899,50
ru,size,rel_mpsd,0.315405134436,50
ru,size,rel_star_discrepancy,0.635236828587,48
ru,size,rel_std,0.758433613284,50
ru,size,rms_deviation,0.482266251717,50
ru,size,star_discrepancy,0.608404747301,48
ru,size,star_discrepancy_shifted,0.602528165483,48
ru,size,tukey,0.460041392292,50
sk,checkpoint,aad,0.502178528269,50
sk,checkpoint,discrepancy,0.315176954352,48
sk,checkpoint,dispersion,0.498375972788,50
sk,checkpoint,dispersion_shifted,0.425340489071,50
sk,checkpoint,dist_std,0.488026478998,50
sk,checkpoint,gini,0.421543297333,50
sk,checkpoint,iqr,0.503796494196,50
sk,checkpoint,mad,0.487778173208,50
sk,checkpoint,mpd,0.501688143996,50
sk,checkpoint,mpsd,0.400441695431,50
sk,checkpoint,projection,-0.109168551832,50
sk,checkpoint,quartile_deviation,0.504960976454,50
sk,checkpoint,range,0.498375972788,50
sk,checkpoint,rel_dispersion,0.517676467718,50
sk,checkpoint,rel_mpd,0.519685426246,50
sk,checkpoint,rel_mpsd,0.405589270823,50
sk,checkpoint,rel_star_discrepancy,-0.0173266355715,48
sk,checkpoint,rel_std,0.515087110097,50
sk,checkpoint,rms_deviation,0.498827035516,50
sk,checkpoint,star_discrepancy,0.231323934877,48
sk,checkpoint,star_discrepancy_shifted,0.228187705261,48
sk,checkpoint,tukey,-0.0644389743276,50
sk,size,aad,0.352758480722,50
sk,size,discrepancy,0.502403660833,48
sk,size,dispersion,0.338153962322,50
sk,size,dispersion_shifted,0.444433127253,50
sk,size,dist_std,0.323270579334,50
sk,size,gini,0.42119634263,50
sk,size,iqr,0.468538473831,50
sk,size,mad,0.410128311322,50
sk,size,mpd,0.35119514924,50
sk,size,mpsd,0.219309123593,50
sk,size,projection,-0.00873603840834,50
sk,size,quartile_deviation,0.397394701346,50
sk,size,range,0.338153962322,50
sk,size,rel_dispersion,0.403553969703,50
sk,size,rel_mpd,0.421103179151,50
sk,size,rel_mpsd,0.228120818332,50
sk,size,rel_star_discrepancy,0.158316244122,48
sk,size,rel_std,0.406393559542,50
sk,size,rms_deviation,0.34363736716,50
sk,size,star_discrepancy,0.454098250345,48
sk,size,star_discrepancy_shifted,0.424046801397,48
sk,size,tukey,0.130530056561,50
sl,checkpoint,aad,0.560031922667,50
sl,checkpoint,discrepancy,0.492145440036,48
sl,checkpoint,dispersion,0.554229906902,50
sl,checkpoint,dispersion_shifted,0.442948053805,50
sl,checkpoint,dist_std,0.539878230177,50
sl,checkpoint,gini,0.489245306154,50
sl,checkpoint,iqr,0.60607220487,50
sl,checkpoint,mad,0.582406307808,50
sl,checkpoint,mpd,0.562578090202,50
sl,checkpoint,mpsd,0.466511559598,50
sl,checkpoint,projection,-0.134866413113,50
sl,checkpoint,quartile_deviation,0.585350420074,50
sl,checkpoint,range,0.554229906902,50
sl,checkpoint,rel_dispersion,0.581847716016,50
sl,checkpoint,rel_mpd,0.589681183923,50
sl,checkpoint,rel_mpsd,0.481600998606,50
sl,checkpoint,rel_star_discrepancy,0.31173657975,48
sl,checkpoint,rel_std,0.577992474927,50
sl,checkpoint,rms_deviation,0.555242926559,50
sl,checkpoint,star_discrepancy,0.467107559138,48
sl,checkpoint,star_discrepancy_shifted,0.426146865682,48
sl,checkpoint,tukey,0.0222069198949,50
sl,size,aad,0.603464607899,50
sl,size,discrepancy,0.596295895122,48
sl,size,dispersion,0.595664663512,50
sl,size,dispersion_shifted,0.54552951637,50
sl,size,dist_std,0.594108217098,50
sl,size,gini,0.553878219601,50
sl,size,iqr,0.592501536982,50
sl,size,mad,0.622172002133,50
sl,size,mpd,0.600928320235,50
sl,size,mpsd,0.474129063865,50
sl,size,projection,-0.178398630482,50
sl,size,quartile_deviation,0.608394394526,50
sl,size,range,0.595664663512,50
sl,size,rel_dispersion,0.587130917587,50
sl,size,rel_mpd,0.592029797056,50
sl,size,rel_mpsd,0.462811897111,50
sl,size,rel_star_discrepancy,0.483661824718,48
sl,size,rel_std,0.588878630989,50
sl,size,rms_deviation,0.599307774954,50
sl,size,star_discrepancy,0.577391422068,48
sl,size,star_discrepancy_shifted,0.51762945435,48
sl,size,tukey,-0.0335221069243,50
sq,checkpoint,aad,0.513601831253,50
sq,checkpoint,discrepancy,0.0708124202069,48
sq,checkpoint,dispersion,0.503180205315,50
sq,checkpoint,dispersion_shifted,0.391998599127,50
sq,checkpoint,dist_std,0.507564949862,50
sq,checkpoint,gini,0.386526142747,50
sq,checkpoint,iqr,0.514033598131,50
sq,checkpoint,mad,0.518341048122,50
sq,checkpoint,mpd,0.508831504655,50
sq,checkpoint,mpsd,0.47241833774,50
sq,checkpoint,projection,-0.323899701241,50
sq,checkpoint,quartile_deviation,0.52149803812,50
sq,checkpoint,range,0.503180205315,50
sq,checkpoint,rel_dispersion,0.506382759139,50
sq,checkpoint,rel_mpd,0.51110714899,50
sq,checkpoint,rel_mpsd,0.48821482572,50
sq,checkpoint,rel_star_discrepancy,0.0891517154719,48
sq,checkpoint,rel_std,0.510863894162,50
sq,checkpoint,rms_deviation,0.508430119294,50
sq,checkpoint,star_discrepancy,0.0585549867015,48
sq,checkpoint,star_discrepancy_shifted,-0.0216437113203,48
sq,checkpoint,tukey,-0.156935930362,50
sq,size,aad,0.604009290081,50
sq,size,discrepancy,-0.317984712978,48
sq,size,dispersion,0.574810799026,50
sq,size,dispersion_shifted,0.529093758077,50
sq,size,dist_std,0.590420969403,50
sq,size,gini,0.552769149508,50
sq,size,iqr,0.669548048262,50
sq,size,mad,0.615440321394,50
sq,size,mpd,0.588620456614,50
sq,size,mpsd,0.52539054172,50
sq,size,projection,-0.354515363057,50
sq,size,quartile_deviation,0.62643616223,50
sq,size,range,0.574810799026,50
sq,size,rel_dispersion,0.625406223713,50
sq,size,rel_mpd,0.640069378254,50
sq,size,rel_mpsd,0.56055646426,50
sq,size,rel_star_discrepancy,-0.292726066305,48
sq,size,rel_std,0.639145399721,50
sq,size,rms_deviation,0.58949466258,50
sq,size,star_discrepancy,-0.32303726148,48
sq,size,star_discrepancy_shifted,-0.301072060218,48
sq,size,tukey,-0.0828956492675,50
sr,checkpoint,aad,0.541701629931,50
sr,checkpoint,discrepancy,0.0370345723692,48
sr,checkpoint,dispersion,0.525116047697,50
sr,checkpoint,dispersion_shifted,0.434938902608,50
sr,checkpoint,dist_std,0.531350316392,50
sr,checkpoint,gini,0.452409967389,50
sr,checkpoint,iqr,0.573065026099,50
sr,checkpoint,mad,0.548557346948,50
sr,checkpoint,mpd,0.533694487135,50
sr,checkpoint,mpsd,0.439846399126,50
sr,checkpoint,projection,-0.11933123884,50
sr,checkpoint,quartile_deviation,0.551459187986,50
sr,checkpoint,range,0.525116047697,50
sr,checkpoint,rel_dispersion,0.565737602888,50
sr,checkpoint,rel_mpd,0.571155192742,50
sr,checkpoint,rel_mpsd,0.478731375133,50
sr,checkpoint,rel_star_discrepancy,0.0150074582678,48
sr,checkpoint,rel_std,0.571136132486,50
sr,checkpoint,rms_deviation,0.533499737511,50
sr,checkpoint,star_discrepancy,0.0770371591769,48
sr,checkpoint,star_discrepancy_shifted,0.128618704875,48
sr,checkpoint,tukey,0.0863046369599,50
sr,size,aad,0.572847245558,50
sr,size,discrepancy,0.463861918599,48
sr,size,dispersion,0.550994168315,50
sr,size,dispersion_shifted,0.496366728915,50
sr,size,dist_std,0.560618890683,50
sr,size,gini,0.500567090958,50
sr,size,iqr,0.598038166219,50
sr,size,mad,0.598642231149,50
sr,size,mpd,0.563271705738,50
sr,size,mpsd,0.449795918342,50
sr,size,projection,-0.159007647903,50
sr,size,quartile_deviation,0.589709252555,50
sr,size,range,0.550994168315,50
sr,size,rel_dispersion,0.571482002541,50
sr,size,rel_mpd,0.582746681775,50
sr,size,rel_mpsd,0.476002815869,50
sr,size,rel_star_discrepancy,0.437592308946,48
sr,size,rel_std,0.581695263027,50
sr,size,rms_deviation,0.562754367334,50
sr,size,star_discrepancy,0.49918573316,48
sr,size,star_discrepancy_shifted,0.363476405508,48
sr,size,tukey,0.0993865546095,50
sv,checkpoint,aad,0.604097546118,50
sv,checkpoint,discrepancy,-0.156719886649,48
sv,checkpoint,dispersion,0.606985886173,50
sv,checkpoint,dispersion_shifted,0.179516705757,50
sv,checkpoint,dist_std,0.585125227734,50
sv,checkpoint,gini,0.203265852733,50
sv,checkpoint,iqr,0.610276632734,50
sv,checkpoint,mad,0.576264575191,50
sv,checkpoint,mpd,0.615522932282,50
sv,checkpoint,mpsd,0.554894048294,50
sv,checkpoint,projection,-0.235111231297,50
sv,checkpoint,quartile_deviation,0.612770079626,50
sv,checkpoint,range,0.606985886173,50
sv,checkpoint,rel_dispersion,0.640297956014,50
sv,checkpoint,rel_mpd,0.658852853279,50
sv,checkpoint,rel_mpsd,0.579415541333,50
sv,checkpoint,rel_star_discrepancy,-0.00533260185908,48
sv,checkpoint,rel_std,0.642737996834,50
sv,checkpoint,rms_deviation,0.601557256952,50
sv,checkpoint,star_discrepancy,-0.126151075975,48
sv,checkpoint,star_discrepancy_shifted,-0.0599234527239,48
sv,checkpoint,tukey,-0.323477470066,50
sv,size,aad,0.407056142197,50
sv,size,discrepancy,-0.0656921417687,48
sv,size,dispersion,0.421397296612,50
sv,size,dispersion_shifted,0.176750950282,50
sv,size,dist_std,0.407401397699,50
sv,size,gini,0.201996307151,50
sv,size,iqr,0.480904197619,50
sv,size,mad,0.319128230541,50
sv,size,mpd,0.417230297545,50
sv,size,mpsd,0.360452239162,50
sv,size,projection,-0.00945405357572,50
sv,size,quartile_deviation,0.383647016634,50
sv,size,range,0.421397296612,50
sv,size,rel_dispersion,0.574062036659,50
sv,size,rel_mpd,0.565429580714,50
sv,size,rel_mpsd,0.415950994182,50
sv,size,rel_star_discrepancy,0.135828631972,48
sv,size,rel_std,0.564520073925,50
sv,size,rms_deviation,0.412393264621,50
sv,size,star_discrepancy,-0.0246396639283,48
sv,size,star_discrepancy_shifted,0.0831367577746,48
sv,size,tukey,-0.122572498246,50
ta,checkpoint,aad,0.563061218773,50
ta,checkpoint,discrepancy,0.257340322841,48
ta,checkpoint,dispersion,0.535112358852,50
ta,checkpoint,dispersion_shifted,0.388399611476,50
ta,checkpoint,dist_std,0.556923832755,50
ta,checkpoint,gini,0.354255030684,50
ta,checkpoint,iqr,0.654102848779,50
ta,checkpoint,mad,0.531901493833,50
ta,checkpoint,mpd,0.557577760426,50
ta,checkpoint,mpsd,0.389664168685,50
ta,checkpoint,projection,0.0219324726511,50
ta,checkpoint,quartile_deviation,0.56479399579,50
ta,checkpoint,range,0.535112358852,50
ta,checkpoint,rel_dispersion,0.63566035533,50
ta,checkpoint,rel_mpd,0.659647784495,50
ta,checkpoint,rel_mpsd,0.44826709584,50
ta,checkpoint,rel_star_discrepancy,0.133238398346,48
ta,checkpoint,rel_std,0.656982905323,50
ta,checkpoint,rms_deviation,0.557547023123,50
ta,checkpoint,star_discrepancy,0.22369914405,48
ta,checkpoint,star_discrepancy_shifted,0.0506823093333,48
ta,checkpoint,tukey,0.00646459861524,50
ta,size,aad,0.538104509587,50
ta,size,discrepancy,0.0733051389536,48
ta,size,dispersion,0.493068171681,50
ta,size,dispersion_shifted,0.408969773519,50
ta,size,dist_std,0.531039111432,50
ta,size,gini,0.347354802702,50
ta,size,iqr,0.675829506006,50
ta,size,mad,0.496617342424,50
ta,size,mpd,0.527940067982,50
ta,size,mpsd,0.352313095627,50
ta,size,projection,0.0694831675244,50
ta,size,quartile_deviation,0.548205446571,50
ta,size,range,0.493068171681,50
ta,size,rel_dispersion,0.625763101415,50
ta,size,rel_mpd,0.665986616008,50
ta,size,rel_mpsd,0.421924211819,50
ta,size,rel_star_discrepancy,-0.162785762982,48
ta,size,rel_std,0.664168189738,50
ta,size,rms_deviation,0.528939256302,50
ta,size,star_discrepancy,-0.0240057091822,48
ta,size,star_discrepancy_shifted,-0.318845926889,48
ta,size,tukey,0.0601974019496,50
th,checkpoint,aad,0.58506085548,50
th,checkpoint,discrepancy,-0.0494035560702,48
th,checkpoint,dispersion,0.53656283046,50
th,checkpoint,dispersion_shifted,0.465904551911,50
th,checkpoint,dist_std,0.552667325221,50
th,checkpoint,gini,0.5178225269,50
th,checkpoint,iqr,0.638072742094,50
th,checkpoint,mad,0.590961644557,50
th,checkpoint,mpd,0.569914733035,50
th,checkpoint,mpsd,0.291852974233,50
th,checkpoint,projection,-0.00736722024909,50
th,checkpoint,quartile_deviation,0.604466997485,50
th,checkpoint,range,0.53656283046,50
th,checkpoint,rel_dispersion,0.612173973591,50
th,checkpoint,rel_mpd,0.640170782462,50
th,checkpoint,rel_mpsd,0.285312236683,50
th,checkpoint,rel_star_discrepancy,0.0129356918882,48
th,checkpoint,rel_std,0.638941807919,50
th,checkpoint,rms_deviation,0.564201283289,50
th,checkpoint,star_discrepancy,-0.0138560565278,48
th,checkpoint,star_discrepancy_shifted,0.076352169046,48
th,checkpoint,tukey,0.0485897853907,50
th,size,aad,0.51993138211,50
th,size,discrepancy,-0.124895650121,48
th,size,dispersion,0.448024134201,50
th,size,dispersion_shifted,0.443451015706,50
th,size,dist_std,0.480693928277,50
th,size,gini,0.493460199998,50
th,size,iqr,0.553740962392,50
th,size,mad,0.526323573469,50
th,size,mpd,0.495698972521,50
th,size,mpsd,0.235492022032,50
th,size,projection,-0.0609215864888,50
th,size,quartile_deviation,0.548767122821,50
th,size,range,0.448024134201,50
th,size,rel_dispersion,0.457637442527,50
th,size,rel_mpd,0.51587457916,50
th,size,rel_mpsd,0.208071972174,50
th,size,rel_star_discrepancy,0.0367876342822,48
th,size,rel_std,0.515246869567,50
th,size,rms_deviation,0.490745785208,50
th,size,star_discrepancy,-0.14416790348,48
th,size,star_discrepancy_shifted,-0.319803629623,48
th,size,tukey,0.0249522468326,50
tr,checkpoint,aad,0.590468583825,50
tr,checkpoint,discrepancy,0.264355669551,48
tr,checkpoint,dispersion,0.575168606499,50
tr,checkpoint,dispersion_shifted,0.321679001652,50
tr,checkpoint,dist_std,0.58269143908,50
tr,checkpoint,gini,0.308392794475,50
tr,checkpoint,iqr,0.488988275089,50
tr,checkpoint,mad,0.581641810492,50
tr,checkpoint,mpd,0.58792082307,50
tr,checkpoint,mpsd,0.506548036024,50
tr,checkpoint,projection,-0.321789681,50
tr,checkpoint,quartile_deviation,0.590541927029,50
tr,checkpoint,range,0.575168606499,50
tr,checkpoint,rel_dispersion,0.521847948369,50
tr,checkpoint,rel_mpd,0.554354865114,50
tr,checkpoint,rel_mpsd,0.481767424486,50
tr,checkpoint,rel_star_discrepancy,0.109709394901,48
tr,checkpoint,rel_std,0.558222110573,50
tr,checkpoint,rms_deviation,0.586576256336,50
tr,checkpoint,star_discrepancy,0.247703202533,48
tr,checkpoint,star_discrepancy_shifted,0.183303008098,48
tr,checkpoint,tukey,-0.37781965803,50
tr,size,aad,0.294366075036,50
tr,size,discrepancy,-0.151111917149,48
tr,size,dispersion,0.292261110808,50
tr,size,dispersion_shifted,0.10882772787,50
tr,size,dist_std,0.299808610959,50
tr,size,gini,0.0214788275575,50
tr,size,iqr,0.204291667975,50
tr,size,mad,0.257151898325,50
tr,size,mpd,0.292517521221,50
tr,size,mpsd,0.275987059911,50
tr,size,projection,-0.208712760645,50
tr,size,quartile_deviation,0.281376109303,50
tr,size,range,0.292261110808,50
tr,size,rel_dispersion,0.254549669982,50
tr,size,rel_mpd,0.257180231562,50
tr,size,rel_mpsd,0.26836077341,50
tr,size,rel_star_discrepancy,-0.119118490096,48
tr,size,rel_std,0.270746548661,50
tr,size,rms_deviation,0.295190280759,50
tr,size,star_discrepancy,-0.200272570205,48
tr,size,star_discrepancy_shifted,-0.266567499961,48
tr,size,tukey,-0.285794077719,50
uk,checkpoint,aad,0.421207551829,50
uk,checkpoint,discrepancy,0.406078857151,48
uk,checkpoint,dispersion,0.433964099766,50
uk,checkpoint,dispersion_shifted,0.388761951301,50
uk,checkpoint,dist_std,0.426565742318,50
uk,checkpoint,gini,0.342282318333,50
uk,checkpoint,iqr,0.341002679948,50
uk,checkpoint,mad,0.400953204773,50
uk,checkpoint,mpd,0.42917453262,50
uk,checkpoint,mpsd,0.23474778939,50
uk,checkpoint,projection,-0.0347098411913,50
uk,checkpoint,quartile_deviation,0.38432425957,50
uk,checkpoint,range,0.433964099766,50
uk,checkpoint,rel_dispersion,0.449096576033,50
uk,checkpoint,rel_mpd,0.448156587033,50
uk,checkpoint,rel_mpsd,0.198195620068,50
uk,checkpoint,rel_star_discrepancy,0.230733310435,48
uk,checkpoint,rel_std,0.451033102386,50
uk,checkpoint,rms_deviation,0.428719002209,50
uk,checkpoint,star_discrepancy,0.387814501343,48
uk,checkpoint,star_discrepancy_shifted,0.283531095285,48
uk,checkpoint,tukey,-0.0979234812935,50
uk,size,aad,0.252654925626,50
uk,size,discrepancy,0.458819757245,48
uk,size,dispersion,0.278641358136,50
uk,size,dispersion_shifted,0.32953359732,50
uk,size,dist_std,0.271232775454,50
uk,size,gini,0.230876855151,50
uk,size,iqr,0.239330138977,50
uk,size,mad,0.212642854701,50
uk,size,mpd,0.259872941251,50
uk,size,mpsd,0.102559010953,50
uk,size,projection,0.0687344575094,50
uk,size,quartile_deviation,0.207724036292,50
uk,size,range,0.278641358136,50
uk,size,rel_dispersion,0.387030240666,50
uk,size,rel_mpd,0.360125204655,50
uk,size,rel_mpsd,0.0968788097488,50
uk,size,rel_star_discrepancy,0.390914506936,48
uk,size,rel_std,0.369461533597,50
uk,size,rms_deviation,0.264107933013,50
uk,size,star_discrepancy,0.464219444398,48
uk,size,star_discrepancy_shifted,0.385968262598,48
uk,size,tukey,0.020495532846,50
ur,checkpoint,aad,0.44522991342,50
ur,checkpoint,discrepancy,0.361363795555,48
ur,checkpoint,dispersion,0.427191586611,50
ur,checkpoint,dispersion_shifted,0.332628351397,50
ur,checkpoint,dist_std,0.429446071105,50
ur,checkpoint,gini,0.344277678179,50
ur,checkpoint,iqr,0.491413884881,50
ur,checkpoint,mad,0.46546410305,50
ur,checkpoint,mpd,0.439019300566,50
ur,checkpoint,mpsd,0.35522483278,50
ur,checkpoint,projection,-0.0595101900339,50
ur,checkpoint,quartile_deviation,0.465906224758,50
ur,checkpoint,range,0.427191586611,50
ur,checkpoint,rel_dispersion,0.491071347081,50
ur,checkpoint,rel_mpd,0.495548549125,50
ur,checkpoint,rel_mpsd,0.387725338912,50
ur,checkpoint,rel_star_discrepancy,0.0815016810067,48
ur,checkpoint,rel_std,0.492488207647,50
ur,checkpoint,rms_deviation,0.436609241751,50
ur,checkpoint,star_discrepancy,0.31036856368,48
ur,checkpoint,star_discrepancy_shifted,0.339990581207,48
ur,checkpoint,tukey,0.115259302038,50
ur,size,aad,0.457398478801,50
ur,size,discrepancy,0.458440775399,48
ur,size,dispersion,0.429694969176,50
ur,size,dispersion_shifted,0.409092480964,50
ur,size,dist_std,0.450323107009,50
ur,size,gini,0.402131185158,50
ur,size,iqr,0.504159673113,50
ur,size,mad,0.455306130201,50
ur,size,mpd,0.44371733541,50
ur,size,mpsd,0.329006992876,50
ur,size,projection,-0.0664317279211,50
ur,size,quartile_deviation,0.471529035782,50
ur,size,range,0.429694969176,50
ur,size,rel_dispersion,0.501939437147,50
ur,size,rel_mpd,0.508964636601,50
ur,size,rel_mpsd,0.358713522918,50
ur,size,rel_star_discrepancy,-0.116343167421,48
ur,size,rel_std,0.510879756176,50
ur,size,rms_deviation,0.445884360741,50
ur,size,star_discrepancy,0.334925394685,48
ur,size,star_discrepancy_shifted,0.329682066309,48
ur,size,tukey,0.17433815216,50
vi,checkpoint,aad,0.557988788458,50
vi,checkpoint,discrepancy,0.366080626563,48
vi,checkpoint,dispersion,0.563415391959,50
vi,checkpoint,dispersion_shifted,0.437978823297,50
vi,checkpoint,dist_std,0.564943386942,50
vi,checkpoint,gini,0.360887742546,50
vi,checkpoint,iqr,0.545602771892,50
vi,checkpoint,mad,0.48391553685,50
vi,checkpoint,mpd,0.559152686016,50
vi,checkpoint,mpsd,0.410159689584,50
vi,checkpoint,projection,-0.086510642919,50
vi,checkpoint,quartile_deviation,0.523682607274,50
vi,checkpoint,range,0.563415391959,50
vi,checkpoint,rel_dispersion,0.584664307951,50
vi,checkpoint,rel_mpd,0.607222572431,50
vi,checkpoint,rel_mpsd,0.421967510651,50
vi,checkpoint,rel_star_discrepancy,0.34773504925,48
vi,checkpoint,rel_std,0.60831992961,50
vi,checkpoint,rms_deviation,0.561740823883,50
vi,checkpoint,star_discrepancy,0.376861377449,48
vi,checkpoint,star_discrepancy_shifted,0.315937341131,48
vi,checkpoint,tukey,-0.127141483664,50
vi,size,aad,0.485688912195,50
vi,size,discrepancy,0.536542157089,48
vi,size,dispersion,0.510498692296,50
vi,size,dispersion_shifted,0.582621512389,50
vi,size,dist_std,0.510265139075,50
vi,size,gini,0.501712457972,50
vi,size,iqr,0.519304214399,50
vi,size,mad,0.39176106238,50
vi,size,mpd,0.492017409417,50
vi,size,mpsd,0.281055551509,50
vi,size,projection,0.0742003670527,50
vi,size,quartile_deviation,0.441100854983,50
vi,size,range,0.510498692296,50
vi,size,rel_dispersion,0.608402093785,50
vi,size,rel_mpd,0.609115364895,50
vi,size,rel_mpsd,0.288058480678,50
vi,size,rel_star_discrepancy,0.511941242958,48
vi,size,rel_std,0.614651509521,50
vi,size,rms_deviation,0.499160718262,50
vi,size,star_discrepancy,0.53724170389,48
vi,size,star_discrepancy_shifted,0.533083465874,48
vi,size,tukey,0.0203988650147,50
zh,checkpoint,aad,0.649831580879,50
zh,checkpoint,discrepancy,0.232875118201,48
zh,checkpoint,dispersion,0.655767476632,50
zh,checkpoint,dispersion_shifted,0.488426508533,50
zh,checkpoint,dist_std,0.657577754373,50
zh,checkpoint,gini,0.474872516819,50
zh,checkpoint,iqr,0.649808817481,50
zh,checkpoint,mad,0.622505251296,50
zh,checkpoint,mpd,0.653918007895,50
zh,checkpoint,mpsd,0.533936491307,50
zh,checkpoint,projection,-0.130795747577,50
zh,checkpoint,quartile_deviation,0.615643310529,50
zh,checkpoint,range,0.655767476632,50
zh,checkpoint,rel_dispersion,0.687522355422,50
zh,checkpoint,rel_mpd,0.704173978839,50
zh,checkpoint,rel_mpsd,0.555633853289,50
zh,checkpoint,rel_star_discrepancy,0.245367047843,48
zh,checkpoint,rel_std,0.704752273455,50
zh,checkpoint,rms_deviation,0.655602456079,50
zh,checkpoint,star_discrepancy,0.232648532401,48
zh,checkpoint,star_discrepancy_shifted,0.249257394282,48
zh,checkpoint,tukey,-0.142893375075,50
zh,size,aad,0.503846684724,50
zh,size,discrepancy,0.232611619337,48
zh,size,dispersion,0.526768640022,50
zh,size,dispersion_shifted,0.557674195007,50
zh,size,dist_std,0.524735251971,50
zh,size,gini,0.521004061422,50
zh,size,iqr,0.574006122796,50
zh,size,mad,0.45809389808,50
zh,size,mpd,0.51178839329,50
zh,size,mpsd,0.350758635528,50
zh,size,projection,0.0906644464489,50
zh,size,quartile_deviation,0.447957067372,50
zh,size,range,0.526768640022,50
zh,size,rel_dispersion,0.669159777683,50
zh,size,rel_mpd,0.670025008009,50
zh,size,rel_mpsd,0.389418943307,50
zh,size,rel_star_discrepancy,0.28008355483,48
zh,size,rel_std,0.672937897334,50
zh,size,rms_deviation,0.517017965485,50
zh,size,star_discrepancy,0.230042929518,48
zh,size,star_discrepancy_shifted,0.290917460934,48
zh,size,tukey,0.0755330797872,50
